record_id,country_iso3,scenario_id,initial_speed_kph,action_id,legal_question_id,reason_code,review_state,human_review_required
P5V2D-ARG-PED-CROSS-001-V030-A0,ARG,PED-CROSS-001,30,A0,P5V2Q-PED-CROSS-001-V030-A0,PRIMARY_SOURCE_SEARCH_PENDING,AI_PREPARED,True
P5V2D-ARG-PED-CROSS-001-V030-A1,ARG,PED-CROSS-001,30,A1,P5V2Q-PED-CROSS-001-V030-A1,PRIMARY_SOURCE_SEARCH_PENDING,AI_PREPARED,True
P5V2D-ARG-PED-CROSS-001-V030-A2,ARG,PED-CROSS-001,30,A2,P5V2Q-PED-CROSS-001-V030-A2,PRIMARY_SOURCE_SEARCH_PENDING,AI_PREPARED,True
P5V2D-ARG-PED-CROSS-001-V030-A3,ARG,PED-CROSS-001,30,A3,P5V2Q-PED-CROSS-001-V030-A3,PRIMARY_SOURCE_SEARCH_PENDING,AI_PREPARED,True
P5V2D-ARG-PED-CROSS-001-V030-A4,ARG,PED-CROSS-001,30,A4,P5V2Q-PED-CROSS-001-V030-A4,PRIMARY_SOURCE_SEARCH_PENDING,AI_PREPARED,True
P5V2D-ARG-PED-CROSS-001-V030-A6,ARG,PED-CROSS-001,30,A6,P5V2Q-PED-CROSS-001-V030-A6,PRIMARY_SOURCE_SEARCH_PENDING,AI_PREPARED,True
P5V2D-ARG-PED-CROSS-001-V050-A0,ARG,PED-CROSS-001,50,A0,P5V2Q-PED-CROSS-001-V050-A0,PRIMARY_SOURCE_SEARCH_PENDING,AI_PREPARED,True
P5V2D-ARG-PED-CROSS-001-V050-A1,ARG,PED-CROSS-001,50,A1,P5V2Q-PED-CROSS-001-V050-A1,PRIMARY_SOURCE_SEARCH_PENDING,AI_PREPARED,True
P5V2D-ARG-PED-CROSS-001-V050-A2,ARG,PED-CROSS-001,50,A2,P5V2Q-PED-CROSS-001-V050-A2,PRIMARY_SOURCE_SEARCH_PENDING,AI_PREPARED,True
P5V2D-ARG-PED-CROSS-001-V050-A3,ARG,PED-CROSS-001,50,A3,P5V2Q-PED-CROSS-001-V050-A3,PRIMARY_SOURCE_SEARCH_PENDING,AI_PREPARED,True
P5V2D-ARG-PED-CROSS-001-V050-A4,ARG,PED-CROSS-001,50,A4,P5V2Q-PED-CROSS-001-V050-A4,PRIMARY_SOURCE_SEARCH_PENDING,AI_PREPARED,True
P5V2D-ARG-PED-CROSS-001-V050-A6,ARG,PED-CROSS-001,50,A6,P5V2Q-PED-CROSS-001-V050-A6,PRIMARY_SOURCE_SEARCH_PENDING,AI_PREPARED,True
P5V2D-ARG-OBS-LANE-001-V030-A0,ARG,OBS-LANE-001,30,A0,P5V2Q-OBS-LANE-001-V030-A0,PRIMARY_SOURCE_SEARCH_PENDING,AI_PREPARED,True
P5V2D-ARG-OBS-LANE-001-V030-A1,ARG,OBS-LANE-001,30,A1,P5V2Q-OBS-LANE-001-V030-A1,PRIMARY_SOURCE_SEARCH_PENDING,AI_PREPARED,True
P5V2D-ARG-OBS-LANE-001-V030-A2,ARG,OBS-LANE-001,30,A2,P5V2Q-OBS-LANE-001-V030-A2,PRIMARY_SOURCE_SEARCH_PENDING,AI_PREPARED,True
P5V2D-ARG-OBS-LANE-001-V030-A3,ARG,OBS-LANE-001,30,A3,P5V2Q-OBS-LANE-001-V030-A3,PRIMARY_SOURCE_SEARCH_PENDING,AI_PREPARED,True
P5V2D-ARG-OBS-LANE-001-V030-A4,ARG,OBS-LANE-001,30,A4,P5V2Q-OBS-LANE-001-V030-A4,PRIMARY_SOURCE_SEARCH_PENDING,AI_PREPARED,True
P5V2D-ARG-OBS-LANE-001-V030-A6,ARG,OBS-LANE-001,30,A6,P5V2Q-OBS-LANE-001-V030-A6,PRIMARY_SOURCE_SEARCH_PENDING,AI_PREPARED,True
P5V2D-ARG-OBS-LANE-001-V050-A0,ARG,OBS-LANE-001,50,A0,P5V2Q-OBS-LANE-001-V050-A0,PRIMARY_SOURCE_SEARCH_PENDING,AI_PREPARED,True
P5V2D-ARG-OBS-LANE-001-V050-A1,ARG,OBS-LANE-001,50,A1,P5V2Q-OBS-LANE-001-V050-A1,PRIMARY_SOURCE_SEARCH_PENDING,AI_PREPARED,True
P5V2D-ARG-OBS-LANE-001-V050-A2,ARG,OBS-LANE-001,50,A2,P5V2Q-OBS-LANE-001-V050-A2,PRIMARY_SOURCE_SEARCH_PENDING,AI_PREPARED,True
P5V2D-ARG-OBS-LANE-001-V050-A3,ARG,OBS-LANE-001,50,A3,P5V2Q-OBS-LANE-001-V050-A3,PRIMARY_SOURCE_SEARCH_PENDING,AI_PREPARED,True
P5V2D-ARG-OBS-LANE-001-V050-A4,ARG,OBS-LANE-001,50,A4,P5V2Q-OBS-LANE-001-V050-A4,PRIMARY_SOURCE_SEARCH_PENDING,AI_PREPARED,True
P5V2D-ARG-OBS-LANE-001-V050-A6,ARG,OBS-LANE-001,50,A6,P5V2Q-OBS-LANE-001-V050-A6,PRIMARY_SOURCE_SEARCH_PENDING,AI_PREPARED,True
P5V2D-ARG-MOTO-CUTIN-001-V030-A0,ARG,MOTO-CUTIN-001,30,A0,P5V2Q-MOTO-CUTIN-001-V030-A0,PRIMARY_SOURCE_SEARCH_PENDING,AI_PREPARED,True
P5V2D-ARG-MOTO-CUTIN-001-V030-A1,ARG,MOTO-CUTIN-001,30,A1,P5V2Q-MOTO-CUTIN-001-V030-A1,PRIMARY_SOURCE_SEARCH_PENDING,AI_PREPARED,True
P5V2D-ARG-MOTO-CUTIN-001-V030-A2,ARG,MOTO-CUTIN-001,30,A2,P5V2Q-MOTO-CUTIN-001-V030-A2,PRIMARY_SOURCE_SEARCH_PENDING,AI_PREPARED,True
P5V2D-ARG-MOTO-CUTIN-001-V030-A3,ARG,MOTO-CUTIN-001,30,A3,P5V2Q-MOTO-CUTIN-001-V030-A3,PRIMARY_SOURCE_SEARCH_PENDING,AI_PREPARED,True
P5V2D-ARG-MOTO-CUTIN-001-V030-A4,ARG,MOTO-CUTIN-001,30,A4,P5V2Q-MOTO-CUTIN-001-V030-A4,PRIMARY_SOURCE_SEARCH_PENDING,AI_PREPARED,True
P5V2D-ARG-MOTO-CUTIN-001-V030-A6,ARG,MOTO-CUTIN-001,30,A6,P5V2Q-MOTO-CUTIN-001-V030-A6,PRIMARY_SOURCE_SEARCH_PENDING,AI_PREPARED,True
P5V2D-ARG-MOTO-CUTIN-001-V050-A0,ARG,MOTO-CUTIN-001,50,A0,P5V2Q-MOTO-CUTIN-001-V050-A0,PRIMARY_SOURCE_SEARCH_PENDING,AI_PREPARED,True
P5V2D-ARG-MOTO-CUTIN-001-V050-A1,ARG,MOTO-CUTIN-001,50,A1,P5V2Q-MOTO-CUTIN-001-V050-A1,PRIMARY_SOURCE_SEARCH_PENDING,AI_PREPARED,True
P5V2D-ARG-MOTO-CUTIN-001-V050-A2,ARG,MOTO-CUTIN-001,50,A2,P5V2Q-MOTO-CUTIN-001-V050-A2,PRIMARY_SOURCE_SEARCH_PENDING,AI_PREPARED,True
P5V2D-ARG-MOTO-CUTIN-001-V050-A3,ARG,MOTO-CUTIN-001,50,A3,P5V2Q-MOTO-CUTIN-001-V050-A3,PRIMARY_SOURCE_SEARCH_PENDING,AI_PREPARED,True
P5V2D-ARG-MOTO-CUTIN-001-V050-A4,ARG,MOTO-CUTIN-001,50,A4,P5V2Q-MOTO-CUTIN-001-V050-A4,PRIMARY_SOURCE_SEARCH_PENDING,AI_PREPARED,True
P5V2D-ARG-MOTO-CUTIN-001-V050-A6,ARG,MOTO-CUTIN-001,50,A6,P5V2Q-MOTO-CUTIN-001-V050-A6,PRIMARY_SOURCE_SEARCH_PENDING,AI_PREPARED,True
P5V2D-AUS-PED-CROSS-001-V030-A0,AUS,PED-CROSS-001,30,A0,P5V2Q-PED-CROSS-001-V030-A0,PRIMARY_SOURCE_SEARCH_PENDING,AI_PREPARED,True
P5V2D-AUS-PED-CROSS-001-V030-A1,AUS,PED-CROSS-001,30,A1,P5V2Q-PED-CROSS-001-V030-A1,PRIMARY_SOURCE_SEARCH_PENDING,AI_PREPARED,True
P5V2D-AUS-PED-CROSS-001-V030-A2,AUS,PED-CROSS-001,30,A2,P5V2Q-PED-CROSS-001-V030-A2,PRIMARY_SOURCE_SEARCH_PENDING,AI_PREPARED,True
P5V2D-AUS-PED-CROSS-001-V030-A3,AUS,PED-CROSS-001,30,A3,P5V2Q-PED-CROSS-001-V030-A3,PRIMARY_SOURCE_SEARCH_PENDING,AI_PREPARED,True
P5V2D-AUS-PED-CROSS-001-V030-A4,AUS,PED-CROSS-001,30,A4,P5V2Q-PED-CROSS-001-V030-A4,PRIMARY_SOURCE_SEARCH_PENDING,AI_PREPARED,True
P5V2D-AUS-PED-CROSS-001-V030-A6,AUS,PED-CROSS-001,30,A6,P5V2Q-PED-CROSS-001-V030-A6,PRIMARY_SOURCE_SEARCH_PENDING,AI_PREPARED,True
P5V2D-AUS-PED-CROSS-001-V050-A0,AUS,PED-CROSS-001,50,A0,P5V2Q-PED-CROSS-001-V050-A0,PRIMARY_SOURCE_SEARCH_PENDING,AI_PREPARED,True
P5V2D-AUS-PED-CROSS-001-V050-A1,AUS,PED-CROSS-001,50,A1,P5V2Q-PED-CROSS-001-V050-A1,PRIMARY_SOURCE_SEARCH_PENDING,AI_PREPARED,True
P5V2D-AUS-PED-CROSS-001-V050-A2,AUS,PED-CROSS-001,50,A2,P5V2Q-PED-CROSS-001-V050-A2,PRIMARY_SOURCE_SEARCH_PENDING,AI_PREPARED,True
P5V2D-AUS-PED-CROSS-001-V050-A3,AUS,PED-CROSS-001,50,A3,P5V2Q-PED-CROSS-001-V050-A3,PRIMARY_SOURCE_SEARCH_PENDING,AI_PREPARED,True
P5V2D-AUS-PED-CROSS-001-V050-A4,AUS,PED-CROSS-001,50,A4,P5V2Q-PED-CROSS-001-V050-A4,PRIMARY_SOURCE_SEARCH_PENDING,AI_PREPARED,True
P5V2D-AUS-PED-CROSS-001-V050-A6,AUS,PED-CROSS-001,50,A6,P5V2Q-PED-CROSS-001-V050-A6,PRIMARY_SOURCE_SEARCH_PENDING,AI_PREPARED,True
P5V2D-AUS-OBS-LANE-001-V030-A0,AUS,OBS-LANE-001,30,A0,P5V2Q-OBS-LANE-001-V030-A0,PRIMARY_SOURCE_SEARCH_PENDING,AI_PREPARED,True
P5V2D-AUS-OBS-LANE-001-V030-A1,AUS,OBS-LANE-001,30,A1,P5V2Q-OBS-LANE-001-V030-A1,PRIMARY_SOURCE_SEARCH_PENDING,AI_PREPARED,True
P5V2D-AUS-OBS-LANE-001-V030-A2,AUS,OBS-LANE-001,30,A2,P5V2Q-OBS-LANE-001-V030-A2,PRIMARY_SOURCE_SEARCH_PENDING,AI_PREPARED,True
P5V2D-AUS-OBS-LANE-001-V030-A3,AUS,OBS-LANE-001,30,A3,P5V2Q-OBS-LANE-001-V030-A3,PRIMARY_SOURCE_SEARCH_PENDING,AI_PREPARED,True
P5V2D-AUS-OBS-LANE-001-V030-A4,AUS,OBS-LANE-001,30,A4,P5V2Q-OBS-LANE-001-V030-A4,PRIMARY_SOURCE_SEARCH_PENDING,AI_PREPARED,True
P5V2D-AUS-OBS-LANE-001-V030-A6,AUS,OBS-LANE-001,30,A6,P5V2Q-OBS-LANE-001-V030-A6,PRIMARY_SOURCE_SEARCH_PENDING,AI_PREPARED,True
P5V2D-AUS-OBS-LANE-001-V050-A0,AUS,OBS-LANE-001,50,A0,P5V2Q-OBS-LANE-001-V050-A0,PRIMARY_SOURCE_SEARCH_PENDING,AI_PREPARED,True
P5V2D-AUS-OBS-LANE-001-V050-A1,AUS,OBS-LANE-001,50,A1,P5V2Q-OBS-LANE-001-V050-A1,PRIMARY_SOURCE_SEARCH_PENDING,AI_PREPARED,True
P5V2D-AUS-OBS-LANE-001-V050-A2,AUS,OBS-LANE-001,50,A2,P5V2Q-OBS-LANE-001-V050-A2,PRIMARY_SOURCE_SEARCH_PENDING,AI_PREPARED,True
P5V2D-AUS-OBS-LANE-001-V050-A3,AUS,OBS-LANE-001,50,A3,P5V2Q-OBS-LANE-001-V050-A3,PRIMARY_SOURCE_SEARCH_PENDING,AI_PREPARED,True
P5V2D-AUS-OBS-LANE-001-V050-A4,AUS,OBS-LANE-001,50,A4,P5V2Q-OBS-LANE-001-V050-A4,PRIMARY_SOURCE_SEARCH_PENDING,AI_PREPARED,True
P5V2D-AUS-OBS-LANE-001-V050-A6,AUS,OBS-LANE-001,50,A6,P5V2Q-OBS-LANE-001-V050-A6,PRIMARY_SOURCE_SEARCH_PENDING,AI_PREPARED,True
P5V2D-AUS-MOTO-CUTIN-001-V030-A0,AUS,MOTO-CUTIN-001,30,A0,P5V2Q-MOTO-CUTIN-001-V030-A0,PRIMARY_SOURCE_SEARCH_PENDING,AI_PREPARED,True
P5V2D-AUS-MOTO-CUTIN-001-V030-A1,AUS,MOTO-CUTIN-001,30,A1,P5V2Q-MOTO-CUTIN-001-V030-A1,PRIMARY_SOURCE_SEARCH_PENDING,AI_PREPARED,True
P5V2D-AUS-MOTO-CUTIN-001-V030-A2,AUS,MOTO-CUTIN-001,30,A2,P5V2Q-MOTO-CUTIN-001-V030-A2,PRIMARY_SOURCE_SEARCH_PENDING,AI_PREPARED,True
P5V2D-AUS-MOTO-CUTIN-001-V030-A3,AUS,MOTO-CUTIN-001,30,A3,P5V2Q-MOTO-CUTIN-001-V030-A3,PRIMARY_SOURCE_SEARCH_PENDING,AI_PREPARED,True
P5V2D-AUS-MOTO-CUTIN-001-V030-A4,AUS,MOTO-CUTIN-001,30,A4,P5V2Q-MOTO-CUTIN-001-V030-A4,PRIMARY_SOURCE_SEARCH_PENDING,AI_PREPARED,True
P5V2D-AUS-MOTO-CUTIN-001-V030-A6,AUS,MOTO-CUTIN-001,30,A6,P5V2Q-MOTO-CUTIN-001-V030-A6,PRIMARY_SOURCE_SEARCH_PENDING,AI_PREPARED,True
P5V2D-AUS-MOTO-CUTIN-001-V050-A0,AUS,MOTO-CUTIN-001,50,A0,P5V2Q-MOTO-CUTIN-001-V050-A0,PRIMARY_SOURCE_SEARCH_PENDING,AI_PREPARED,True
P5V2D-AUS-MOTO-CUTIN-001-V050-A1,AUS,MOTO-CUTIN-001,50,A1,P5V2Q-MOTO-CUTIN-001-V050-A1,PRIMARY_SOURCE_SEARCH_PENDING,AI_PREPARED,True
P5V2D-AUS-MOTO-CUTIN-001-V050-A2,AUS,MOTO-CUTIN-001,50,A2,P5V2Q-MOTO-CUTIN-001-V050-A2,PRIMARY_SOURCE_SEARCH_PENDING,AI_PREPARED,True
P5V2D-AUS-MOTO-CUTIN-001-V050-A3,AUS,MOTO-CUTIN-001,50,A3,P5V2Q-MOTO-CUTIN-001-V050-A3,PRIMARY_SOURCE_SEARCH_PENDING,AI_PREPARED,True
P5V2D-AUS-MOTO-CUTIN-001-V050-A4,AUS,MOTO-CUTIN-001,50,A4,P5V2Q-MOTO-CUTIN-001-V050-A4,PRIMARY_SOURCE_SEARCH_PENDING,AI_PREPARED,True
P5V2D-AUS-MOTO-CUTIN-001-V050-A6,AUS,MOTO-CUTIN-001,50,A6,P5V2Q-MOTO-CUTIN-001-V050-A6,PRIMARY_SOURCE_SEARCH_PENDING,AI_PREPARED,True
P5V2D-BRA-PED-CROSS-001-V030-A0,BRA,PED-CROSS-001,30,A0,P5V2Q-PED-CROSS-001-V030-A0,PRIMARY_SOURCE_SEARCH_PENDING,AI_PREPARED,True
P5V2D-BRA-PED-CROSS-001-V030-A1,BRA,PED-CROSS-001,30,A1,P5V2Q-PED-CROSS-001-V030-A1,PRIMARY_SOURCE_SEARCH_PENDING,AI_PREPARED,True
P5V2D-BRA-PED-CROSS-001-V030-A2,BRA,PED-CROSS-001,30,A2,P5V2Q-PED-CROSS-001-V030-A2,PRIMARY_SOURCE_SEARCH_PENDING,AI_PREPARED,True
P5V2D-BRA-PED-CROSS-001-V030-A3,BRA,PED-CROSS-001,30,A3,P5V2Q-PED-CROSS-001-V030-A3,PRIMARY_SOURCE_SEARCH_PENDING,AI_PREPARED,True
P5V2D-BRA-PED-CROSS-001-V030-A4,BRA,PED-CROSS-001,30,A4,P5V2Q-PED-CROSS-001-V030-A4,PRIMARY_SOURCE_SEARCH_PENDING,AI_PREPARED,True
P5V2D-BRA-PED-CROSS-001-V030-A6,BRA,PED-CROSS-001,30,A6,P5V2Q-PED-CROSS-001-V030-A6,PRIMARY_SOURCE_SEARCH_PENDING,AI_PREPARED,True
P5V2D-BRA-PED-CROSS-001-V050-A0,BRA,PED-CROSS-001,50,A0,P5V2Q-PED-CROSS-001-V050-A0,PRIMARY_SOURCE_SEARCH_PENDING,AI_PREPARED,True
P5V2D-BRA-PED-CROSS-001-V050-A1,BRA,PED-CROSS-001,50,A1,P5V2Q-PED-CROSS-001-V050-A1,PRIMARY_SOURCE_SEARCH_PENDING,AI_PREPARED,True
P5V2D-BRA-PED-CROSS-001-V050-A2,BRA,PED-CROSS-001,50,A2,P5V2Q-PED-CROSS-001-V050-A2,PRIMARY_SOURCE_SEARCH_PENDING,AI_PREPARED,True
P5V2D-BRA-PED-CROSS-001-V050-A3,BRA,PED-CROSS-001,50,A3,P5V2Q-PED-CROSS-001-V050-A3,PRIMARY_SOURCE_SEARCH_PENDING,AI_PREPARED,True
P5V2D-BRA-PED-CROSS-001-V050-A4,BRA,PED-CROSS-001,50,A4,P5V2Q-PED-CROSS-001-V050-A4,PRIMARY_SOURCE_SEARCH_PENDING,AI_PREPARED,True
P5V2D-BRA-PED-CROSS-001-V050-A6,BRA,PED-CROSS-001,50,A6,P5V2Q-PED-CROSS-001-V050-A6,PRIMARY_SOURCE_SEARCH_PENDING,AI_PREPARED,True
P5V2D-BRA-OBS-LANE-001-V030-A0,BRA,OBS-LANE-001,30,A0,P5V2Q-OBS-LANE-001-V030-A0,PRIMARY_SOURCE_SEARCH_PENDING,AI_PREPARED,True
P5V2D-BRA-OBS-LANE-001-V030-A1,BRA,OBS-LANE-001,30,A1,P5V2Q-OBS-LANE-001-V030-A1,PRIMARY_SOURCE_SEARCH_PENDING,AI_PREPARED,True
P5V2D-BRA-OBS-LANE-001-V030-A2,BRA,OBS-LANE-001,30,A2,P5V2Q-OBS-LANE-001-V030-A2,PRIMARY_SOURCE_SEARCH_PENDING,AI_PREPARED,True
P5V2D-BRA-OBS-LANE-001-V030-A3,BRA,OBS-LANE-001,30,A3,P5V2Q-OBS-LANE-001-V030-A3,PRIMARY_SOURCE_SEARCH_PENDING,AI_PREPARED,True
P5V2D-BRA-OBS-LANE-001-V030-A4,BRA,OBS-LANE-001,30,A4,P5V2Q-OBS-LANE-001-V030-A4,PRIMARY_SOURCE_SEARCH_PENDING,AI_PREPARED,True
P5V2D-BRA-OBS-LANE-001-V030-A6,BRA,OBS-LANE-001,30,A6,P5V2Q-OBS-LANE-001-V030-A6,PRIMARY_SOURCE_SEARCH_PENDING,AI_PREPARED,True
P5V2D-BRA-OBS-LANE-001-V050-A0,BRA,OBS-LANE-001,50,A0,P5V2Q-OBS-LANE-001-V050-A0,PRIMARY_SOURCE_SEARCH_PENDING,AI_PREPARED,True
P5V2D-BRA-OBS-LANE-001-V050-A1,BRA,OBS-LANE-001,50,A1,P5V2Q-OBS-LANE-001-V050-A1,PRIMARY_SOURCE_SEARCH_PENDING,AI_PREPARED,True
P5V2D-BRA-OBS-LANE-001-V050-A2,BRA,OBS-LANE-001,50,A2,P5V2Q-OBS-LANE-001-V050-A2,PRIMARY_SOURCE_SEARCH_PENDING,AI_PREPARED,True
P5V2D-BRA-OBS-LANE-001-V050-A3,BRA,OBS-LANE-001,50,A3,P5V2Q-OBS-LANE-001-V050-A3,PRIMARY_SOURCE_SEARCH_PENDING,AI_PREPARED,True
P5V2D-BRA-OBS-LANE-001-V050-A4,BRA,OBS-LANE-001,50,A4,P5V2Q-OBS-LANE-001-V050-A4,PRIMARY_SOURCE_SEARCH_PENDING,AI_PREPARED,True
P5V2D-BRA-OBS-LANE-001-V050-A6,BRA,OBS-LANE-001,50,A6,P5V2Q-OBS-LANE-001-V050-A6,PRIMARY_SOURCE_SEARCH_PENDING,AI_PREPARED,True
P5V2D-BRA-MOTO-CUTIN-001-V030-A0,BRA,MOTO-CUTIN-001,30,A0,P5V2Q-MOTO-CUTIN-001-V030-A0,PRIMARY_SOURCE_SEARCH_PENDING,AI_PREPARED,True
P5V2D-BRA-MOTO-CUTIN-001-V030-A1,BRA,MOTO-CUTIN-001,30,A1,P5V2Q-MOTO-CUTIN-001-V030-A1,PRIMARY_SOURCE_SEARCH_PENDING,AI_PREPARED,True
P5V2D-BRA-MOTO-CUTIN-001-V030-A2,BRA,MOTO-CUTIN-001,30,A2,P5V2Q-MOTO-CUTIN-001-V030-A2,PRIMARY_SOURCE_SEARCH_PENDING,AI_PREPARED,True
P5V2D-BRA-MOTO-CUTIN-001-V030-A3,BRA,MOTO-CUTIN-001,30,A3,P5V2Q-MOTO-CUTIN-001-V030-A3,PRIMARY_SOURCE_SEARCH_PENDING,AI_PREPARED,True
P5V2D-BRA-MOTO-CUTIN-001-V030-A4,BRA,MOTO-CUTIN-001,30,A4,P5V2Q-MOTO-CUTIN-001-V030-A4,PRIMARY_SOURCE_SEARCH_PENDING,AI_PREPARED,True
P5V2D-BRA-MOTO-CUTIN-001-V030-A6,BRA,MOTO-CUTIN-001,30,A6,P5V2Q-MOTO-CUTIN-001-V030-A6,PRIMARY_SOURCE_SEARCH_PENDING,AI_PREPARED,True
P5V2D-BRA-MOTO-CUTIN-001-V050-A0,BRA,MOTO-CUTIN-001,50,A0,P5V2Q-MOTO-CUTIN-001-V050-A0,PRIMARY_SOURCE_SEARCH_PENDING,AI_PREPARED,True
P5V2D-BRA-MOTO-CUTIN-001-V050-A1,BRA,MOTO-CUTIN-001,50,A1,P5V2Q-MOTO-CUTIN-001-V050-A1,PRIMARY_SOURCE_SEARCH_PENDING,AI_PREPARED,True
P5V2D-BRA-MOTO-CUTIN-001-V050-A2,BRA,MOTO-CUTIN-001,50,A2,P5V2Q-MOTO-CUTIN-001-V050-A2,PRIMARY_SOURCE_SEARCH_PENDING,AI_PREPARED,True
P5V2D-BRA-MOTO-CUTIN-001-V050-A3,BRA,MOTO-CUTIN-001,50,A3,P5V2Q-MOTO-CUTIN-001-V050-A3,PRIMARY_SOURCE_SEARCH_PENDING,AI_PREPARED,True
P5V2D-BRA-MOTO-CUTIN-001-V050-A4,BRA,MOTO-CUTIN-001,50,A4,P5V2Q-MOTO-CUTIN-001-V050-A4,PRIMARY_SOURCE_SEARCH_PENDING,AI_PREPARED,True
P5V2D-BRA-MOTO-CUTIN-001-V050-A6,BRA,MOTO-CUTIN-001,50,A6,P5V2Q-MOTO-CUTIN-001-V050-A6,PRIMARY_SOURCE_SEARCH_PENDING,AI_PREPARED,True
P5V2D-CAN-PED-CROSS-001-V030-A0,CAN,PED-CROSS-001,30,A0,P5V2Q-PED-CROSS-001-V030-A0,PRIMARY_SOURCE_SEARCH_PENDING,AI_PREPARED,True
P5V2D-CAN-PED-CROSS-001-V030-A1,CAN,PED-CROSS-001,30,A1,P5V2Q-PED-CROSS-001-V030-A1,PRIMARY_SOURCE_SEARCH_PENDING,AI_PREPARED,True
P5V2D-CAN-PED-CROSS-001-V030-A2,CAN,PED-CROSS-001,30,A2,P5V2Q-PED-CROSS-001-V030-A2,PRIMARY_SOURCE_SEARCH_PENDING,AI_PREPARED,True
P5V2D-CAN-PED-CROSS-001-V030-A3,CAN,PED-CROSS-001,30,A3,P5V2Q-PED-CROSS-001-V030-A3,PRIMARY_SOURCE_SEARCH_PENDING,AI_PREPARED,True
P5V2D-CAN-PED-CROSS-001-V030-A4,CAN,PED-CROSS-001,30,A4,P5V2Q-PED-CROSS-001-V030-A4,PRIMARY_SOURCE_SEARCH_PENDING,AI_PREPARED,True
P5V2D-CAN-PED-CROSS-001-V030-A6,CAN,PED-CROSS-001,30,A6,P5V2Q-PED-CROSS-001-V030-A6,PRIMARY_SOURCE_SEARCH_PENDING,AI_PREPARED,True
P5V2D-CAN-PED-CROSS-001-V050-A0,CAN,PED-CROSS-001,50,A0,P5V2Q-PED-CROSS-001-V050-A0,PRIMARY_SOURCE_SEARCH_PENDING,AI_PREPARED,True
P5V2D-CAN-PED-CROSS-001-V050-A1,CAN,PED-CROSS-001,50,A1,P5V2Q-PED-CROSS-001-V050-A1,PRIMARY_SOURCE_SEARCH_PENDING,AI_PREPARED,True
P5V2D-CAN-PED-CROSS-001-V050-A2,CAN,PED-CROSS-001,50,A2,P5V2Q-PED-CROSS-001-V050-A2,PRIMARY_SOURCE_SEARCH_PENDING,AI_PREPARED,True
P5V2D-CAN-PED-CROSS-001-V050-A3,CAN,PED-CROSS-001,50,A3,P5V2Q-PED-CROSS-001-V050-A3,PRIMARY_SOURCE_SEARCH_PENDING,AI_PREPARED,True
P5V2D-CAN-PED-CROSS-001-V050-A4,CAN,PED-CROSS-001,50,A4,P5V2Q-PED-CROSS-001-V050-A4,PRIMARY_SOURCE_SEARCH_PENDING,AI_PREPARED,True
P5V2D-CAN-PED-CROSS-001-V050-A6,CAN,PED-CROSS-001,50,A6,P5V2Q-PED-CROSS-001-V050-A6,PRIMARY_SOURCE_SEARCH_PENDING,AI_PREPARED,True
P5V2D-CAN-OBS-LANE-001-V030-A0,CAN,OBS-LANE-001,30,A0,P5V2Q-OBS-LANE-001-V030-A0,PRIMARY_SOURCE_SEARCH_PENDING,AI_PREPARED,True
P5V2D-CAN-OBS-LANE-001-V030-A1,CAN,OBS-LANE-001,30,A1,P5V2Q-OBS-LANE-001-V030-A1,PRIMARY_SOURCE_SEARCH_PENDING,AI_PREPARED,True
P5V2D-CAN-OBS-LANE-001-V030-A2,CAN,OBS-LANE-001,30,A2,P5V2Q-OBS-LANE-001-V030-A2,PRIMARY_SOURCE_SEARCH_PENDING,AI_PREPARED,True
P5V2D-CAN-OBS-LANE-001-V030-A3,CAN,OBS-LANE-001,30,A3,P5V2Q-OBS-LANE-001-V030-A3,PRIMARY_SOURCE_SEARCH_PENDING,AI_PREPARED,True
P5V2D-CAN-OBS-LANE-001-V030-A4,CAN,OBS-LANE-001,30,A4,P5V2Q-OBS-LANE-001-V030-A4,PRIMARY_SOURCE_SEARCH_PENDING,AI_PREPARED,True
P5V2D-CAN-OBS-LANE-001-V030-A6,CAN,OBS-LANE-001,30,A6,P5V2Q-OBS-LANE-001-V030-A6,PRIMARY_SOURCE_SEARCH_PENDING,AI_PREPARED,True
P5V2D-CAN-OBS-LANE-001-V050-A0,CAN,OBS-LANE-001,50,A0,P5V2Q-OBS-LANE-001-V050-A0,PRIMARY_SOURCE_SEARCH_PENDING,AI_PREPARED,True
P5V2D-CAN-OBS-LANE-001-V050-A1,CAN,OBS-LANE-001,50,A1,P5V2Q-OBS-LANE-001-V050-A1,PRIMARY_SOURCE_SEARCH_PENDING,AI_PREPARED,True
P5V2D-CAN-OBS-LANE-001-V050-A2,CAN,OBS-LANE-001,50,A2,P5V2Q-OBS-LANE-001-V050-A2,PRIMARY_SOURCE_SEARCH_PENDING,AI_PREPARED,True
P5V2D-CAN-OBS-LANE-001-V050-A3,CAN,OBS-LANE-001,50,A3,P5V2Q-OBS-LANE-001-V050-A3,PRIMARY_SOURCE_SEARCH_PENDING,AI_PREPARED,True
P5V2D-CAN-OBS-LANE-001-V050-A4,CAN,OBS-LANE-001,50,A4,P5V2Q-OBS-LANE-001-V050-A4,PRIMARY_SOURCE_SEARCH_PENDING,AI_PREPARED,True
P5V2D-CAN-OBS-LANE-001-V050-A6,CAN,OBS-LANE-001,50,A6,P5V2Q-OBS-LANE-001-V050-A6,PRIMARY_SOURCE_SEARCH_PENDING,AI_PREPARED,True
P5V2D-CAN-MOTO-CUTIN-001-V030-A0,CAN,MOTO-CUTIN-001,30,A0,P5V2Q-MOTO-CUTIN-001-V030-A0,PRIMARY_SOURCE_SEARCH_PENDING,AI_PREPARED,True
P5V2D-CAN-MOTO-CUTIN-001-V030-A1,CAN,MOTO-CUTIN-001,30,A1,P5V2Q-MOTO-CUTIN-001-V030-A1,PRIMARY_SOURCE_SEARCH_PENDING,AI_PREPARED,True
P5V2D-CAN-MOTO-CUTIN-001-V030-A2,CAN,MOTO-CUTIN-001,30,A2,P5V2Q-MOTO-CUTIN-001-V030-A2,PRIMARY_SOURCE_SEARCH_PENDING,AI_PREPARED,True
P5V2D-CAN-MOTO-CUTIN-001-V030-A3,CAN,MOTO-CUTIN-001,30,A3,P5V2Q-MOTO-CUTIN-001-V030-A3,PRIMARY_SOURCE_SEARCH_PENDING,AI_PREPARED,True
P5V2D-CAN-MOTO-CUTIN-001-V030-A4,CAN,MOTO-CUTIN-001,30,A4,P5V2Q-MOTO-CUTIN-001-V030-A4,PRIMARY_SOURCE_SEARCH_PENDING,AI_PREPARED,True
P5V2D-CAN-MOTO-CUTIN-001-V030-A6,CAN,MOTO-CUTIN-001,30,A6,P5V2Q-MOTO-CUTIN-001-V030-A6,PRIMARY_SOURCE_SEARCH_PENDING,AI_PREPARED,True
P5V2D-CAN-MOTO-CUTIN-001-V050-A0,CAN,MOTO-CUTIN-001,50,A0,P5V2Q-MOTO-CUTIN-001-V050-A0,PRIMARY_SOURCE_SEARCH_PENDING,AI_PREPARED,True
P5V2D-CAN-MOTO-CUTIN-001-V050-A1,CAN,MOTO-CUTIN-001,50,A1,P5V2Q-MOTO-CUTIN-001-V050-A1,PRIMARY_SOURCE_SEARCH_PENDING,AI_PREPARED,True
P5V2D-CAN-MOTO-CUTIN-001-V050-A2,CAN,MOTO-CUTIN-001,50,A2,P5V2Q-MOTO-CUTIN-001-V050-A2,PRIMARY_SOURCE_SEARCH_PENDING,AI_PREPARED,True
P5V2D-CAN-MOTO-CUTIN-001-V050-A3,CAN,MOTO-CUTIN-001,50,A3,P5V2Q-MOTO-CUTIN-001-V050-A3,PRIMARY_SOURCE_SEARCH_PENDING,AI_PREPARED,True
P5V2D-CAN-MOTO-CUTIN-001-V050-A4,CAN,MOTO-CUTIN-001,50,A4,P5V2Q-MOTO-CUTIN-001-V050-A4,PRIMARY_SOURCE_SEARCH_PENDING,AI_PREPARED,True
P5V2D-CAN-MOTO-CUTIN-001-V050-A6,CAN,MOTO-CUTIN-001,50,A6,P5V2Q-MOTO-CUTIN-001-V050-A6,PRIMARY_SOURCE_SEARCH_PENDING,AI_PREPARED,True
P5V2D-CHN-PED-CROSS-001-V030-A0,CHN,PED-CROSS-001,30,A0,P5V2Q-PED-CROSS-001-V030-A0,PRIMARY_SOURCE_SEARCH_PENDING,AI_PREPARED,True
P5V2D-CHN-PED-CROSS-001-V030-A1,CHN,PED-CROSS-001,30,A1,P5V2Q-PED-CROSS-001-V030-A1,PRIMARY_SOURCE_SEARCH_PENDING,AI_PREPARED,True
P5V2D-CHN-PED-CROSS-001-V030-A2,CHN,PED-CROSS-001,30,A2,P5V2Q-PED-CROSS-001-V030-A2,PRIMARY_SOURCE_SEARCH_PENDING,AI_PREPARED,True
P5V2D-CHN-PED-CROSS-001-V030-A3,CHN,PED-CROSS-001,30,A3,P5V2Q-PED-CROSS-001-V030-A3,PRIMARY_SOURCE_SEARCH_PENDING,AI_PREPARED,True
P5V2D-CHN-PED-CROSS-001-V030-A4,CHN,PED-CROSS-001,30,A4,P5V2Q-PED-CROSS-001-V030-A4,PRIMARY_SOURCE_SEARCH_PENDING,AI_PREPARED,True
P5V2D-CHN-PED-CROSS-001-V030-A6,CHN,PED-CROSS-001,30,A6,P5V2Q-PED-CROSS-001-V030-A6,PRIMARY_SOURCE_SEARCH_PENDING,AI_PREPARED,True
P5V2D-CHN-PED-CROSS-001-V050-A0,CHN,PED-CROSS-001,50,A0,P5V2Q-PED-CROSS-001-V050-A0,PRIMARY_SOURCE_SEARCH_PENDING,AI_PREPARED,True
P5V2D-CHN-PED-CROSS-001-V050-A1,CHN,PED-CROSS-001,50,A1,P5V2Q-PED-CROSS-001-V050-A1,PRIMARY_SOURCE_SEARCH_PENDING,AI_PREPARED,True
P5V2D-CHN-PED-CROSS-001-V050-A2,CHN,PED-CROSS-001,50,A2,P5V2Q-PED-CROSS-001-V050-A2,PRIMARY_SOURCE_SEARCH_PENDING,AI_PREPARED,True
P5V2D-CHN-PED-CROSS-001-V050-A3,CHN,PED-CROSS-001,50,A3,P5V2Q-PED-CROSS-001-V050-A3,PRIMARY_SOURCE_SEARCH_PENDING,AI_PREPARED,True
P5V2D-CHN-PED-CROSS-001-V050-A4,CHN,PED-CROSS-001,50,A4,P5V2Q-PED-CROSS-001-V050-A4,PRIMARY_SOURCE_SEARCH_PENDING,AI_PREPARED,True
P5V2D-CHN-PED-CROSS-001-V050-A6,CHN,PED-CROSS-001,50,A6,P5V2Q-PED-CROSS-001-V050-A6,PRIMARY_SOURCE_SEARCH_PENDING,AI_PREPARED,True
P5V2D-CHN-OBS-LANE-001-V030-A0,CHN,OBS-LANE-001,30,A0,P5V2Q-OBS-LANE-001-V030-A0,PRIMARY_SOURCE_SEARCH_PENDING,AI_PREPARED,True
P5V2D-CHN-OBS-LANE-001-V030-A1,CHN,OBS-LANE-001,30,A1,P5V2Q-OBS-LANE-001-V030-A1,PRIMARY_SOURCE_SEARCH_PENDING,AI_PREPARED,True
P5V2D-CHN-OBS-LANE-001-V030-A2,CHN,OBS-LANE-001,30,A2,P5V2Q-OBS-LANE-001-V030-A2,PRIMARY_SOURCE_SEARCH_PENDING,AI_PREPARED,True
P5V2D-CHN-OBS-LANE-001-V030-A3,CHN,OBS-LANE-001,30,A3,P5V2Q-OBS-LANE-001-V030-A3,PRIMARY_SOURCE_SEARCH_PENDING,AI_PREPARED,True
P5V2D-CHN-OBS-LANE-001-V030-A4,CHN,OBS-LANE-001,30,A4,P5V2Q-OBS-LANE-001-V030-A4,PRIMARY_SOURCE_SEARCH_PENDING,AI_PREPARED,True
P5V2D-CHN-OBS-LANE-001-V030-A6,CHN,OBS-LANE-001,30,A6,P5V2Q-OBS-LANE-001-V030-A6,PRIMARY_SOURCE_SEARCH_PENDING,AI_PREPARED,True
P5V2D-CHN-OBS-LANE-001-V050-A0,CHN,OBS-LANE-001,50,A0,P5V2Q-OBS-LANE-001-V050-A0,PRIMARY_SOURCE_SEARCH_PENDING,AI_PREPARED,True
P5V2D-CHN-OBS-LANE-001-V050-A1,CHN,OBS-LANE-001,50,A1,P5V2Q-OBS-LANE-001-V050-A1,PRIMARY_SOURCE_SEARCH_PENDING,AI_PREPARED,True
P5V2D-CHN-OBS-LANE-001-V050-A2,CHN,OBS-LANE-001,50,A2,P5V2Q-OBS-LANE-001-V050-A2,PRIMARY_SOURCE_SEARCH_PENDING,AI_PREPARED,True
P5V2D-CHN-OBS-LANE-001-V050-A3,CHN,OBS-LANE-001,50,A3,P5V2Q-OBS-LANE-001-V050-A3,PRIMARY_SOURCE_SEARCH_PENDING,AI_PREPARED,True
P5V2D-CHN-OBS-LANE-001-V050-A4,CHN,OBS-LANE-001,50,A4,P5V2Q-OBS-LANE-001-V050-A4,PRIMARY_SOURCE_SEARCH_PENDING,AI_PREPARED,True
P5V2D-CHN-OBS-LANE-001-V050-A6,CHN,OBS-LANE-001,50,A6,P5V2Q-OBS-LANE-001-V050-A6,PRIMARY_SOURCE_SEARCH_PENDING,AI_PREPARED,True
P5V2D-CHN-MOTO-CUTIN-001-V030-A0,CHN,MOTO-CUTIN-001,30,A0,P5V2Q-MOTO-CUTIN-001-V030-A0,PRIMARY_SOURCE_SEARCH_PENDING,AI_PREPARED,True
P5V2D-CHN-MOTO-CUTIN-001-V030-A1,CHN,MOTO-CUTIN-001,30,A1,P5V2Q-MOTO-CUTIN-001-V030-A1,PRIMARY_SOURCE_SEARCH_PENDING,AI_PREPARED,True
P5V2D-CHN-MOTO-CUTIN-001-V030-A2,CHN,MOTO-CUTIN-001,30,A2,P5V2Q-MOTO-CUTIN-001-V030-A2,PRIMARY_SOURCE_SEARCH_PENDING,AI_PREPARED,True
P5V2D-CHN-MOTO-CUTIN-001-V030-A3,CHN,MOTO-CUTIN-001,30,A3,P5V2Q-MOTO-CUTIN-001-V030-A3,PRIMARY_SOURCE_SEARCH_PENDING,AI_PREPARED,True
P5V2D-CHN-MOTO-CUTIN-001-V030-A4,CHN,MOTO-CUTIN-001,30,A4,P5V2Q-MOTO-CUTIN-001-V030-A4,PRIMARY_SOURCE_SEARCH_PENDING,AI_PREPARED,True
P5V2D-CHN-MOTO-CUTIN-001-V030-A6,CHN,MOTO-CUTIN-001,30,A6,P5V2Q-MOTO-CUTIN-001-V030-A6,PRIMARY_SOURCE_SEARCH_PENDING,AI_PREPARED,True
P5V2D-CHN-MOTO-CUTIN-001-V050-A0,CHN,MOTO-CUTIN-001,50,A0,P5V2Q-MOTO-CUTIN-001-V050-A0,PRIMARY_SOURCE_SEARCH_PENDING,AI_PREPARED,True
P5V2D-CHN-MOTO-CUTIN-001-V050-A1,CHN,MOTO-CUTIN-001,50,A1,P5V2Q-MOTO-CUTIN-001-V050-A1,PRIMARY_SOURCE_SEARCH_PENDING,AI_PREPARED,True
P5V2D-CHN-MOTO-CUTIN-001-V050-A2,CHN,MOTO-CUTIN-001,50,A2,P5V2Q-MOTO-CUTIN-001-V050-A2,PRIMARY_SOURCE_SEARCH_PENDING,AI_PREPARED,True
P5V2D-CHN-MOTO-CUTIN-001-V050-A3,CHN,MOTO-CUTIN-001,50,A3,P5V2Q-MOTO-CUTIN-001-V050-A3,PRIMARY_SOURCE_SEARCH_PENDING,AI_PREPARED,True
P5V2D-CHN-MOTO-CUTIN-001-V050-A4,CHN,MOTO-CUTIN-001,50,A4,P5V2Q-MOTO-CUTIN-001-V050-A4,PRIMARY_SOURCE_SEARCH_PENDING,AI_PREPARED,True
P5V2D-CHN-MOTO-CUTIN-001-V050-A6,CHN,MOTO-CUTIN-001,50,A6,P5V2Q-MOTO-CUTIN-001-V050-A6,PRIMARY_SOURCE_SEARCH_PENDING,AI_PREPARED,True
P5V2D-COL-PED-CROSS-001-V030-A0,COL,PED-CROSS-001,30,A0,P5V2Q-PED-CROSS-001-V030-A0,PRIMARY_SOURCE_SEARCH_PENDING,AI_PREPARED,True
P5V2D-COL-PED-CROSS-001-V030-A1,COL,PED-CROSS-001,30,A1,P5V2Q-PED-CROSS-001-V030-A1,PRIMARY_SOURCE_SEARCH_PENDING,AI_PREPARED,True
P5V2D-COL-PED-CROSS-001-V030-A2,COL,PED-CROSS-001,30,A2,P5V2Q-PED-CROSS-001-V030-A2,PRIMARY_SOURCE_SEARCH_PENDING,AI_PREPARED,True
P5V2D-COL-PED-CROSS-001-V030-A3,COL,PED-CROSS-001,30,A3,P5V2Q-PED-CROSS-001-V030-A3,PRIMARY_SOURCE_SEARCH_PENDING,AI_PREPARED,True
P5V2D-COL-PED-CROSS-001-V030-A4,COL,PED-CROSS-001,30,A4,P5V2Q-PED-CROSS-001-V030-A4,PRIMARY_SOURCE_SEARCH_PENDING,AI_PREPARED,True
P5V2D-COL-PED-CROSS-001-V030-A6,COL,PED-CROSS-001,30,A6,P5V2Q-PED-CROSS-001-V030-A6,PRIMARY_SOURCE_SEARCH_PENDING,AI_PREPARED,True
P5V2D-COL-PED-CROSS-001-V050-A0,COL,PED-CROSS-001,50,A0,P5V2Q-PED-CROSS-001-V050-A0,PRIMARY_SOURCE_SEARCH_PENDING,AI_PREPARED,True
P5V2D-COL-PED-CROSS-001-V050-A1,COL,PED-CROSS-001,50,A1,P5V2Q-PED-CROSS-001-V050-A1,PRIMARY_SOURCE_SEARCH_PENDING,AI_PREPARED,True
P5V2D-COL-PED-CROSS-001-V050-A2,COL,PED-CROSS-001,50,A2,P5V2Q-PED-CROSS-001-V050-A2,PRIMARY_SOURCE_SEARCH_PENDING,AI_PREPARED,True
P5V2D-COL-PED-CROSS-001-V050-A3,COL,PED-CROSS-001,50,A3,P5V2Q-PED-CROSS-001-V050-A3,PRIMARY_SOURCE_SEARCH_PENDING,AI_PREPARED,True
P5V2D-COL-PED-CROSS-001-V050-A4,COL,PED-CROSS-001,50,A4,P5V2Q-PED-CROSS-001-V050-A4,PRIMARY_SOURCE_SEARCH_PENDING,AI_PREPARED,True
P5V2D-COL-PED-CROSS-001-V050-A6,COL,PED-CROSS-001,50,A6,P5V2Q-PED-CROSS-001-V050-A6,PRIMARY_SOURCE_SEARCH_PENDING,AI_PREPARED,True
P5V2D-COL-OBS-LANE-001-V030-A0,COL,OBS-LANE-001,30,A0,P5V2Q-OBS-LANE-001-V030-A0,PRIMARY_SOURCE_SEARCH_PENDING,AI_PREPARED,True
P5V2D-COL-OBS-LANE-001-V030-A1,COL,OBS-LANE-001,30,A1,P5V2Q-OBS-LANE-001-V030-A1,PRIMARY_SOURCE_SEARCH_PENDING,AI_PREPARED,True
P5V2D-COL-OBS-LANE-001-V030-A2,COL,OBS-LANE-001,30,A2,P5V2Q-OBS-LANE-001-V030-A2,PRIMARY_SOURCE_SEARCH_PENDING,AI_PREPARED,True
P5V2D-COL-OBS-LANE-001-V030-A3,COL,OBS-LANE-001,30,A3,P5V2Q-OBS-LANE-001-V030-A3,PRIMARY_SOURCE_SEARCH_PENDING,AI_PREPARED,True
P5V2D-COL-OBS-LANE-001-V030-A4,COL,OBS-LANE-001,30,A4,P5V2Q-OBS-LANE-001-V030-A4,PRIMARY_SOURCE_SEARCH_PENDING,AI_PREPARED,True
P5V2D-COL-OBS-LANE-001-V030-A6,COL,OBS-LANE-001,30,A6,P5V2Q-OBS-LANE-001-V030-A6,PRIMARY_SOURCE_SEARCH_PENDING,AI_PREPARED,True
P5V2D-COL-OBS-LANE-001-V050-A0,COL,OBS-LANE-001,50,A0,P5V2Q-OBS-LANE-001-V050-A0,PRIMARY_SOURCE_SEARCH_PENDING,AI_PREPARED,True
P5V2D-COL-OBS-LANE-001-V050-A1,COL,OBS-LANE-001,50,A1,P5V2Q-OBS-LANE-001-V050-A1,PRIMARY_SOURCE_SEARCH_PENDING,AI_PREPARED,True
P5V2D-COL-OBS-LANE-001-V050-A2,COL,OBS-LANE-001,50,A2,P5V2Q-OBS-LANE-001-V050-A2,PRIMARY_SOURCE_SEARCH_PENDING,AI_PREPARED,True
P5V2D-COL-OBS-LANE-001-V050-A3,COL,OBS-LANE-001,50,A3,P5V2Q-OBS-LANE-001-V050-A3,PRIMARY_SOURCE_SEARCH_PENDING,AI_PREPARED,True
P5V2D-COL-OBS-LANE-001-V050-A4,COL,OBS-LANE-001,50,A4,P5V2Q-OBS-LANE-001-V050-A4,PRIMARY_SOURCE_SEARCH_PENDING,AI_PREPARED,True
P5V2D-COL-OBS-LANE-001-V050-A6,COL,OBS-LANE-001,50,A6,P5V2Q-OBS-LANE-001-V050-A6,PRIMARY_SOURCE_SEARCH_PENDING,AI_PREPARED,True
P5V2D-COL-MOTO-CUTIN-001-V030-A0,COL,MOTO-CUTIN-001,30,A0,P5V2Q-MOTO-CUTIN-001-V030-A0,PRIMARY_SOURCE_SEARCH_PENDING,AI_PREPARED,True
P5V2D-COL-MOTO-CUTIN-001-V030-A1,COL,MOTO-CUTIN-001,30,A1,P5V2Q-MOTO-CUTIN-001-V030-A1,PRIMARY_SOURCE_SEARCH_PENDING,AI_PREPARED,True
P5V2D-COL-MOTO-CUTIN-001-V030-A2,COL,MOTO-CUTIN-001,30,A2,P5V2Q-MOTO-CUTIN-001-V030-A2,PRIMARY_SOURCE_SEARCH_PENDING,AI_PREPARED,True
P5V2D-COL-MOTO-CUTIN-001-V030-A3,COL,MOTO-CUTIN-001,30,A3,P5V2Q-MOTO-CUTIN-001-V030-A3,PRIMARY_SOURCE_SEARCH_PENDING,AI_PREPARED,True
P5V2D-COL-MOTO-CUTIN-001-V030-A4,COL,MOTO-CUTIN-001,30,A4,P5V2Q-MOTO-CUTIN-001-V030-A4,PRIMARY_SOURCE_SEARCH_PENDING,AI_PREPARED,True
P5V2D-COL-MOTO-CUTIN-001-V030-A6,COL,MOTO-CUTIN-001,30,A6,P5V2Q-MOTO-CUTIN-001-V030-A6,PRIMARY_SOURCE_SEARCH_PENDING,AI_PREPARED,True
P5V2D-COL-MOTO-CUTIN-001-V050-A0,COL,MOTO-CUTIN-001,50,A0,P5V2Q-MOTO-CUTIN-001-V050-A0,PRIMARY_SOURCE_SEARCH_PENDING,AI_PREPARED,True
P5V2D-COL-MOTO-CUTIN-001-V050-A1,COL,MOTO-CUTIN-001,50,A1,P5V2Q-MOTO-CUTIN-001-V050-A1,PRIMARY_SOURCE_SEARCH_PENDING,AI_PREPARED,True
P5V2D-COL-MOTO-CUTIN-001-V050-A2,COL,MOTO-CUTIN-001,50,A2,P5V2Q-MOTO-CUTIN-001-V050-A2,PRIMARY_SOURCE_SEARCH_PENDING,AI_PREPARED,True
P5V2D-COL-MOTO-CUTIN-001-V050-A3,COL,MOTO-CUTIN-001,50,A3,P5V2Q-MOTO-CUTIN-001-V050-A3,PRIMARY_SOURCE_SEARCH_PENDING,AI_PREPARED,True
P5V2D-COL-MOTO-CUTIN-001-V050-A4,COL,MOTO-CUTIN-001,50,A4,P5V2Q-MOTO-CUTIN-001-V050-A4,PRIMARY_SOURCE_SEARCH_PENDING,AI_PREPARED,True
P5V2D-COL-MOTO-CUTIN-001-V050-A6,COL,MOTO-CUTIN-001,50,A6,P5V2Q-MOTO-CUTIN-001-V050-A6,PRIMARY_SOURCE_SEARCH_PENDING,AI_PREPARED,True
P5V2D-DEU-PED-CROSS-001-V030-A0,DEU,PED-CROSS-001,30,A0,P5V2Q-PED-CROSS-001-V030-A0,PRIMARY_SOURCE_SEARCH_PENDING,AI_PREPARED,True
P5V2D-DEU-PED-CROSS-001-V030-A1,DEU,PED-CROSS-001,30,A1,P5V2Q-PED-CROSS-001-V030-A1,PRIMARY_SOURCE_SEARCH_PENDING,AI_PREPARED,True
P5V2D-DEU-PED-CROSS-001-V030-A2,DEU,PED-CROSS-001,30,A2,P5V2Q-PED-CROSS-001-V030-A2,PRIMARY_SOURCE_SEARCH_PENDING,AI_PREPARED,True
P5V2D-DEU-PED-CROSS-001-V030-A3,DEU,PED-CROSS-001,30,A3,P5V2Q-PED-CROSS-001-V030-A3,PRIMARY_SOURCE_SEARCH_PENDING,AI_PREPARED,True
P5V2D-DEU-PED-CROSS-001-V030-A4,DEU,PED-CROSS-001,30,A4,P5V2Q-PED-CROSS-001-V030-A4,PRIMARY_SOURCE_SEARCH_PENDING,AI_PREPARED,True
P5V2D-DEU-PED-CROSS-001-V030-A6,DEU,PED-CROSS-001,30,A6,P5V2Q-PED-CROSS-001-V030-A6,PRIMARY_SOURCE_SEARCH_PENDING,AI_PREPARED,True
P5V2D-DEU-PED-CROSS-001-V050-A0,DEU,PED-CROSS-001,50,A0,P5V2Q-PED-CROSS-001-V050-A0,PRIMARY_SOURCE_SEARCH_PENDING,AI_PREPARED,True
P5V2D-DEU-PED-CROSS-001-V050-A1,DEU,PED-CROSS-001,50,A1,P5V2Q-PED-CROSS-001-V050-A1,PRIMARY_SOURCE_SEARCH_PENDING,AI_PREPARED,True
P5V2D-DEU-PED-CROSS-001-V050-A2,DEU,PED-CROSS-001,50,A2,P5V2Q-PED-CROSS-001-V050-A2,PRIMARY_SOURCE_SEARCH_PENDING,AI_PREPARED,True
P5V2D-DEU-PED-CROSS-001-V050-A3,DEU,PED-CROSS-001,50,A3,P5V2Q-PED-CROSS-001-V050-A3,PRIMARY_SOURCE_SEARCH_PENDING,AI_PREPARED,True
P5V2D-DEU-PED-CROSS-001-V050-A4,DEU,PED-CROSS-001,50,A4,P5V2Q-PED-CROSS-001-V050-A4,PRIMARY_SOURCE_SEARCH_PENDING,AI_PREPARED,True
P5V2D-DEU-PED-CROSS-001-V050-A6,DEU,PED-CROSS-001,50,A6,P5V2Q-PED-CROSS-001-V050-A6,PRIMARY_SOURCE_SEARCH_PENDING,AI_PREPARED,True
P5V2D-DEU-OBS-LANE-001-V030-A0,DEU,OBS-LANE-001,30,A0,P5V2Q-OBS-LANE-001-V030-A0,PRIMARY_SOURCE_SEARCH_PENDING,AI_PREPARED,True
P5V2D-DEU-OBS-LANE-001-V030-A1,DEU,OBS-LANE-001,30,A1,P5V2Q-OBS-LANE-001-V030-A1,PRIMARY_SOURCE_SEARCH_PENDING,AI_PREPARED,True
P5V2D-DEU-OBS-LANE-001-V030-A2,DEU,OBS-LANE-001,30,A2,P5V2Q-OBS-LANE-001-V030-A2,PRIMARY_SOURCE_SEARCH_PENDING,AI_PREPARED,True
P5V2D-DEU-OBS-LANE-001-V030-A3,DEU,OBS-LANE-001,30,A3,P5V2Q-OBS-LANE-001-V030-A3,PRIMARY_SOURCE_SEARCH_PENDING,AI_PREPARED,True
P5V2D-DEU-OBS-LANE-001-V030-A4,DEU,OBS-LANE-001,30,A4,P5V2Q-OBS-LANE-001-V030-A4,PRIMARY_SOURCE_SEARCH_PENDING,AI_PREPARED,True
P5V2D-DEU-OBS-LANE-001-V030-A6,DEU,OBS-LANE-001,30,A6,P5V2Q-OBS-LANE-001-V030-A6,PRIMARY_SOURCE_SEARCH_PENDING,AI_PREPARED,True
P5V2D-DEU-OBS-LANE-001-V050-A0,DEU,OBS-LANE-001,50,A0,P5V2Q-OBS-LANE-001-V050-A0,PRIMARY_SOURCE_SEARCH_PENDING,AI_PREPARED,True
P5V2D-DEU-OBS-LANE-001-V050-A1,DEU,OBS-LANE-001,50,A1,P5V2Q-OBS-LANE-001-V050-A1,PRIMARY_SOURCE_SEARCH_PENDING,AI_PREPARED,True
P5V2D-DEU-OBS-LANE-001-V050-A2,DEU,OBS-LANE-001,50,A2,P5V2Q-OBS-LANE-001-V050-A2,PRIMARY_SOURCE_SEARCH_PENDING,AI_PREPARED,True
P5V2D-DEU-OBS-LANE-001-V050-A3,DEU,OBS-LANE-001,50,A3,P5V2Q-OBS-LANE-001-V050-A3,PRIMARY_SOURCE_SEARCH_PENDING,AI_PREPARED,True
P5V2D-DEU-OBS-LANE-001-V050-A4,DEU,OBS-LANE-001,50,A4,P5V2Q-OBS-LANE-001-V050-A4,PRIMARY_SOURCE_SEARCH_PENDING,AI_PREPARED,True
P5V2D-DEU-OBS-LANE-001-V050-A6,DEU,OBS-LANE-001,50,A6,P5V2Q-OBS-LANE-001-V050-A6,PRIMARY_SOURCE_SEARCH_PENDING,AI_PREPARED,True
P5V2D-DEU-MOTO-CUTIN-001-V030-A0,DEU,MOTO-CUTIN-001,30,A0,P5V2Q-MOTO-CUTIN-001-V030-A0,PRIMARY_SOURCE_SEARCH_PENDING,AI_PREPARED,True
P5V2D-DEU-MOTO-CUTIN-001-V030-A1,DEU,MOTO-CUTIN-001,30,A1,P5V2Q-MOTO-CUTIN-001-V030-A1,PRIMARY_SOURCE_SEARCH_PENDING,AI_PREPARED,True
P5V2D-DEU-MOTO-CUTIN-001-V030-A2,DEU,MOTO-CUTIN-001,30,A2,P5V2Q-MOTO-CUTIN-001-V030-A2,PRIMARY_SOURCE_SEARCH_PENDING,AI_PREPARED,True
P5V2D-DEU-MOTO-CUTIN-001-V030-A3,DEU,MOTO-CUTIN-001,30,A3,P5V2Q-MOTO-CUTIN-001-V030-A3,PRIMARY_SOURCE_SEARCH_PENDING,AI_PREPARED,True
P5V2D-DEU-MOTO-CUTIN-001-V030-A4,DEU,MOTO-CUTIN-001,30,A4,P5V2Q-MOTO-CUTIN-001-V030-A4,PRIMARY_SOURCE_SEARCH_PENDING,AI_PREPARED,True
P5V2D-DEU-MOTO-CUTIN-001-V030-A6,DEU,MOTO-CUTIN-001,30,A6,P5V2Q-MOTO-CUTIN-001-V030-A6,PRIMARY_SOURCE_SEARCH_PENDING,AI_PREPARED,True
P5V2D-DEU-MOTO-CUTIN-001-V050-A0,DEU,MOTO-CUTIN-001,50,A0,P5V2Q-MOTO-CUTIN-001-V050-A0,PRIMARY_SOURCE_SEARCH_PENDING,AI_PREPARED,True
P5V2D-DEU-MOTO-CUTIN-001-V050-A1,DEU,MOTO-CUTIN-001,50,A1,P5V2Q-MOTO-CUTIN-001-V050-A1,PRIMARY_SOURCE_SEARCH_PENDING,AI_PREPARED,True
P5V2D-DEU-MOTO-CUTIN-001-V050-A2,DEU,MOTO-CUTIN-001,50,A2,P5V2Q-MOTO-CUTIN-001-V050-A2,PRIMARY_SOURCE_SEARCH_PENDING,AI_PREPARED,True
P5V2D-DEU-MOTO-CUTIN-001-V050-A3,DEU,MOTO-CUTIN-001,50,A3,P5V2Q-MOTO-CUTIN-001-V050-A3,PRIMARY_SOURCE_SEARCH_PENDING,AI_PREPARED,True
P5V2D-DEU-MOTO-CUTIN-001-V050-A4,DEU,MOTO-CUTIN-001,50,A4,P5V2Q-MOTO-CUTIN-001-V050-A4,PRIMARY_SOURCE_SEARCH_PENDING,AI_PREPARED,True
P5V2D-DEU-MOTO-CUTIN-001-V050-A6,DEU,MOTO-CUTIN-001,50,A6,P5V2Q-MOTO-CUTIN-001-V050-A6,PRIMARY_SOURCE_SEARCH_PENDING,AI_PREPARED,True
P5V2D-FRA-PED-CROSS-001-V030-A0,FRA,PED-CROSS-001,30,A0,P5V2Q-PED-CROSS-001-V030-A0,PRIMARY_SOURCE_SEARCH_PENDING,AI_PREPARED,True
P5V2D-FRA-PED-CROSS-001-V030-A1,FRA,PED-CROSS-001,30,A1,P5V2Q-PED-CROSS-001-V030-A1,PRIMARY_SOURCE_SEARCH_PENDING,AI_PREPARED,True
P5V2D-FRA-PED-CROSS-001-V030-A2,FRA,PED-CROSS-001,30,A2,P5V2Q-PED-CROSS-001-V030-A2,PRIMARY_SOURCE_SEARCH_PENDING,AI_PREPARED,True
P5V2D-FRA-PED-CROSS-001-V030-A3,FRA,PED-CROSS-001,30,A3,P5V2Q-PED-CROSS-001-V030-A3,PRIMARY_SOURCE_SEARCH_PENDING,AI_PREPARED,True
P5V2D-FRA-PED-CROSS-001-V030-A4,FRA,PED-CROSS-001,30,A4,P5V2Q-PED-CROSS-001-V030-A4,PRIMARY_SOURCE_SEARCH_PENDING,AI_PREPARED,True
P5V2D-FRA-PED-CROSS-001-V030-A6,FRA,PED-CROSS-001,30,A6,P5V2Q-PED-CROSS-001-V030-A6,PRIMARY_SOURCE_SEARCH_PENDING,AI_PREPARED,True
P5V2D-FRA-PED-CROSS-001-V050-A0,FRA,PED-CROSS-001,50,A0,P5V2Q-PED-CROSS-001-V050-A0,PRIMARY_SOURCE_SEARCH_PENDING,AI_PREPARED,True
P5V2D-FRA-PED-CROSS-001-V050-A1,FRA,PED-CROSS-001,50,A1,P5V2Q-PED-CROSS-001-V050-A1,PRIMARY_SOURCE_SEARCH_PENDING,AI_PREPARED,True
P5V2D-FRA-PED-CROSS-001-V050-A2,FRA,PED-CROSS-001,50,A2,P5V2Q-PED-CROSS-001-V050-A2,PRIMARY_SOURCE_SEARCH_PENDING,AI_PREPARED,True
P5V2D-FRA-PED-CROSS-001-V050-A3,FRA,PED-CROSS-001,50,A3,P5V2Q-PED-CROSS-001-V050-A3,PRIMARY_SOURCE_SEARCH_PENDING,AI_PREPARED,True
P5V2D-FRA-PED-CROSS-001-V050-A4,FRA,PED-CROSS-001,50,A4,P5V2Q-PED-CROSS-001-V050-A4,PRIMARY_SOURCE_SEARCH_PENDING,AI_PREPARED,True
P5V2D-FRA-PED-CROSS-001-V050-A6,FRA,PED-CROSS-001,50,A6,P5V2Q-PED-CROSS-001-V050-A6,PRIMARY_SOURCE_SEARCH_PENDING,AI_PREPARED,True
P5V2D-FRA-OBS-LANE-001-V030-A0,FRA,OBS-LANE-001,30,A0,P5V2Q-OBS-LANE-001-V030-A0,PRIMARY_SOURCE_SEARCH_PENDING,AI_PREPARED,True
P5V2D-FRA-OBS-LANE-001-V030-A1,FRA,OBS-LANE-001,30,A1,P5V2Q-OBS-LANE-001-V030-A1,PRIMARY_SOURCE_SEARCH_PENDING,AI_PREPARED,True
P5V2D-FRA-OBS-LANE-001-V030-A2,FRA,OBS-LANE-001,30,A2,P5V2Q-OBS-LANE-001-V030-A2,PRIMARY_SOURCE_SEARCH_PENDING,AI_PREPARED,True
P5V2D-FRA-OBS-LANE-001-V030-A3,FRA,OBS-LANE-001,30,A3,P5V2Q-OBS-LANE-001-V030-A3,PRIMARY_SOURCE_SEARCH_PENDING,AI_PREPARED,True
P5V2D-FRA-OBS-LANE-001-V030-A4,FRA,OBS-LANE-001,30,A4,P5V2Q-OBS-LANE-001-V030-A4,PRIMARY_SOURCE_SEARCH_PENDING,AI_PREPARED,True
P5V2D-FRA-OBS-LANE-001-V030-A6,FRA,OBS-LANE-001,30,A6,P5V2Q-OBS-LANE-001-V030-A6,PRIMARY_SOURCE_SEARCH_PENDING,AI_PREPARED,True
P5V2D-FRA-OBS-LANE-001-V050-A0,FRA,OBS-LANE-001,50,A0,P5V2Q-OBS-LANE-001-V050-A0,PRIMARY_SOURCE_SEARCH_PENDING,AI_PREPARED,True
P5V2D-FRA-OBS-LANE-001-V050-A1,FRA,OBS-LANE-001,50,A1,P5V2Q-OBS-LANE-001-V050-A1,PRIMARY_SOURCE_SEARCH_PENDING,AI_PREPARED,True
P5V2D-FRA-OBS-LANE-001-V050-A2,FRA,OBS-LANE-001,50,A2,P5V2Q-OBS-LANE-001-V050-A2,PRIMARY_SOURCE_SEARCH_PENDING,AI_PREPARED,True
P5V2D-FRA-OBS-LANE-001-V050-A3,FRA,OBS-LANE-001,50,A3,P5V2Q-OBS-LANE-001-V050-A3,PRIMARY_SOURCE_SEARCH_PENDING,AI_PREPARED,True
P5V2D-FRA-OBS-LANE-001-V050-A4,FRA,OBS-LANE-001,50,A4,P5V2Q-OBS-LANE-001-V050-A4,PRIMARY_SOURCE_SEARCH_PENDING,AI_PREPARED,True
P5V2D-FRA-OBS-LANE-001-V050-A6,FRA,OBS-LANE-001,50,A6,P5V2Q-OBS-LANE-001-V050-A6,PRIMARY_SOURCE_SEARCH_PENDING,AI_PREPARED,True
P5V2D-FRA-MOTO-CUTIN-001-V030-A0,FRA,MOTO-CUTIN-001,30,A0,P5V2Q-MOTO-CUTIN-001-V030-A0,PRIMARY_SOURCE_SEARCH_PENDING,AI_PREPARED,True
P5V2D-FRA-MOTO-CUTIN-001-V030-A1,FRA,MOTO-CUTIN-001,30,A1,P5V2Q-MOTO-CUTIN-001-V030-A1,PRIMARY_SOURCE_SEARCH_PENDING,AI_PREPARED,True
P5V2D-FRA-MOTO-CUTIN-001-V030-A2,FRA,MOTO-CUTIN-001,30,A2,P5V2Q-MOTO-CUTIN-001-V030-A2,PRIMARY_SOURCE_SEARCH_PENDING,AI_PREPARED,True
P5V2D-FRA-MOTO-CUTIN-001-V030-A3,FRA,MOTO-CUTIN-001,30,A3,P5V2Q-MOTO-CUTIN-001-V030-A3,PRIMARY_SOURCE_SEARCH_PENDING,AI_PREPARED,True
P5V2D-FRA-MOTO-CUTIN-001-V030-A4,FRA,MOTO-CUTIN-001,30,A4,P5V2Q-MOTO-CUTIN-001-V030-A4,PRIMARY_SOURCE_SEARCH_PENDING,AI_PREPARED,True
P5V2D-FRA-MOTO-CUTIN-001-V030-A6,FRA,MOTO-CUTIN-001,30,A6,P5V2Q-MOTO-CUTIN-001-V030-A6,PRIMARY_SOURCE_SEARCH_PENDING,AI_PREPARED,True
P5V2D-FRA-MOTO-CUTIN-001-V050-A0,FRA,MOTO-CUTIN-001,50,A0,P5V2Q-MOTO-CUTIN-001-V050-A0,PRIMARY_SOURCE_SEARCH_PENDING,AI_PREPARED,True
P5V2D-FRA-MOTO-CUTIN-001-V050-A1,FRA,MOTO-CUTIN-001,50,A1,P5V2Q-MOTO-CUTIN-001-V050-A1,PRIMARY_SOURCE_SEARCH_PENDING,AI_PREPARED,True
P5V2D-FRA-MOTO-CUTIN-001-V050-A2,FRA,MOTO-CUTIN-001,50,A2,P5V2Q-MOTO-CUTIN-001-V050-A2,PRIMARY_SOURCE_SEARCH_PENDING,AI_PREPARED,True
P5V2D-FRA-MOTO-CUTIN-001-V050-A3,FRA,MOTO-CUTIN-001,50,A3,P5V2Q-MOTO-CUTIN-001-V050-A3,PRIMARY_SOURCE_SEARCH_PENDING,AI_PREPARED,True
P5V2D-FRA-MOTO-CUTIN-001-V050-A4,FRA,MOTO-CUTIN-001,50,A4,P5V2Q-MOTO-CUTIN-001-V050-A4,PRIMARY_SOURCE_SEARCH_PENDING,AI_PREPARED,True
P5V2D-FRA-MOTO-CUTIN-001-V050-A6,FRA,MOTO-CUTIN-001,50,A6,P5V2Q-MOTO-CUTIN-001-V050-A6,PRIMARY_SOURCE_SEARCH_PENDING,AI_PREPARED,True
P5V2D-GBR-PED-CROSS-001-V030-A0,GBR,PED-CROSS-001,30,A0,P5V2Q-PED-CROSS-001-V030-A0,PRIMARY_SOURCE_SEARCH_PENDING,AI_PREPARED,True
P5V2D-GBR-PED-CROSS-001-V030-A1,GBR,PED-CROSS-001,30,A1,P5V2Q-PED-CROSS-001-V030-A1,PRIMARY_SOURCE_SEARCH_PENDING,AI_PREPARED,True
P5V2D-GBR-PED-CROSS-001-V030-A2,GBR,PED-CROSS-001,30,A2,P5V2Q-PED-CROSS-001-V030-A2,PRIMARY_SOURCE_SEARCH_PENDING,AI_PREPARED,True
P5V2D-GBR-PED-CROSS-001-V030-A3,GBR,PED-CROSS-001,30,A3,P5V2Q-PED-CROSS-001-V030-A3,PRIMARY_SOURCE_SEARCH_PENDING,AI_PREPARED,True
P5V2D-GBR-PED-CROSS-001-V030-A4,GBR,PED-CROSS-001,30,A4,P5V2Q-PED-CROSS-001-V030-A4,PRIMARY_SOURCE_SEARCH_PENDING,AI_PREPARED,True
P5V2D-GBR-PED-CROSS-001-V030-A6,GBR,PED-CROSS-001,30,A6,P5V2Q-PED-CROSS-001-V030-A6,PRIMARY_SOURCE_SEARCH_PENDING,AI_PREPARED,True
P5V2D-GBR-PED-CROSS-001-V050-A0,GBR,PED-CROSS-001,50,A0,P5V2Q-PED-CROSS-001-V050-A0,PRIMARY_SOURCE_SEARCH_PENDING,AI_PREPARED,True
P5V2D-GBR-PED-CROSS-001-V050-A1,GBR,PED-CROSS-001,50,A1,P5V2Q-PED-CROSS-001-V050-A1,PRIMARY_SOURCE_SEARCH_PENDING,AI_PREPARED,True
P5V2D-GBR-PED-CROSS-001-V050-A2,GBR,PED-CROSS-001,50,A2,P5V2Q-PED-CROSS-001-V050-A2,PRIMARY_SOURCE_SEARCH_PENDING,AI_PREPARED,True
P5V2D-GBR-PED-CROSS-001-V050-A3,GBR,PED-CROSS-001,50,A3,P5V2Q-PED-CROSS-001-V050-A3,PRIMARY_SOURCE_SEARCH_PENDING,AI_PREPARED,True
P5V2D-GBR-PED-CROSS-001-V050-A4,GBR,PED-CROSS-001,50,A4,P5V2Q-PED-CROSS-001-V050-A4,PRIMARY_SOURCE_SEARCH_PENDING,AI_PREPARED,True
P5V2D-GBR-PED-CROSS-001-V050-A6,GBR,PED-CROSS-001,50,A6,P5V2Q-PED-CROSS-001-V050-A6,PRIMARY_SOURCE_SEARCH_PENDING,AI_PREPARED,True
P5V2D-GBR-OBS-LANE-001-V030-A0,GBR,OBS-LANE-001,30,A0,P5V2Q-OBS-LANE-001-V030-A0,PRIMARY_SOURCE_SEARCH_PENDING,AI_PREPARED,True
P5V2D-GBR-OBS-LANE-001-V030-A1,GBR,OBS-LANE-001,30,A1,P5V2Q-OBS-LANE-001-V030-A1,PRIMARY_SOURCE_SEARCH_PENDING,AI_PREPARED,True
P5V2D-GBR-OBS-LANE-001-V030-A2,GBR,OBS-LANE-001,30,A2,P5V2Q-OBS-LANE-001-V030-A2,PRIMARY_SOURCE_SEARCH_PENDING,AI_PREPARED,True
P5V2D-GBR-OBS-LANE-001-V030-A3,GBR,OBS-LANE-001,30,A3,P5V2Q-OBS-LANE-001-V030-A3,PRIMARY_SOURCE_SEARCH_PENDING,AI_PREPARED,True
P5V2D-GBR-OBS-LANE-001-V030-A4,GBR,OBS-LANE-001,30,A4,P5V2Q-OBS-LANE-001-V030-A4,PRIMARY_SOURCE_SEARCH_PENDING,AI_PREPARED,True
P5V2D-GBR-OBS-LANE-001-V030-A6,GBR,OBS-LANE-001,30,A6,P5V2Q-OBS-LANE-001-V030-A6,PRIMARY_SOURCE_SEARCH_PENDING,AI_PREPARED,True
P5V2D-GBR-OBS-LANE-001-V050-A0,GBR,OBS-LANE-001,50,A0,P5V2Q-OBS-LANE-001-V050-A0,PRIMARY_SOURCE_SEARCH_PENDING,AI_PREPARED,True
P5V2D-GBR-OBS-LANE-001-V050-A1,GBR,OBS-LANE-001,50,A1,P5V2Q-OBS-LANE-001-V050-A1,PRIMARY_SOURCE_SEARCH_PENDING,AI_PREPARED,True
P5V2D-GBR-OBS-LANE-001-V050-A2,GBR,OBS-LANE-001,50,A2,P5V2Q-OBS-LANE-001-V050-A2,PRIMARY_SOURCE_SEARCH_PENDING,AI_PREPARED,True
P5V2D-GBR-OBS-LANE-001-V050-A3,GBR,OBS-LANE-001,50,A3,P5V2Q-OBS-LANE-001-V050-A3,PRIMARY_SOURCE_SEARCH_PENDING,AI_PREPARED,True
P5V2D-GBR-OBS-LANE-001-V050-A4,GBR,OBS-LANE-001,50,A4,P5V2Q-OBS-LANE-001-V050-A4,PRIMARY_SOURCE_SEARCH_PENDING,AI_PREPARED,True
P5V2D-GBR-OBS-LANE-001-V050-A6,GBR,OBS-LANE-001,50,A6,P5V2Q-OBS-LANE-001-V050-A6,PRIMARY_SOURCE_SEARCH_PENDING,AI_PREPARED,True
P5V2D-GBR-MOTO-CUTIN-001-V030-A0,GBR,MOTO-CUTIN-001,30,A0,P5V2Q-MOTO-CUTIN-001-V030-A0,PRIMARY_SOURCE_SEARCH_PENDING,AI_PREPARED,True
P5V2D-GBR-MOTO-CUTIN-001-V030-A1,GBR,MOTO-CUTIN-001,30,A1,P5V2Q-MOTO-CUTIN-001-V030-A1,PRIMARY_SOURCE_SEARCH_PENDING,AI_PREPARED,True
P5V2D-GBR-MOTO-CUTIN-001-V030-A2,GBR,MOTO-CUTIN-001,30,A2,P5V2Q-MOTO-CUTIN-001-V030-A2,PRIMARY_SOURCE_SEARCH_PENDING,AI_PREPARED,True
P5V2D-GBR-MOTO-CUTIN-001-V030-A3,GBR,MOTO-CUTIN-001,30,A3,P5V2Q-MOTO-CUTIN-001-V030-A3,PRIMARY_SOURCE_SEARCH_PENDING,AI_PREPARED,True
P5V2D-GBR-MOTO-CUTIN-001-V030-A4,GBR,MOTO-CUTIN-001,30,A4,P5V2Q-MOTO-CUTIN-001-V030-A4,PRIMARY_SOURCE_SEARCH_PENDING,AI_PREPARED,True
P5V2D-GBR-MOTO-CUTIN-001-V030-A6,GBR,MOTO-CUTIN-001,30,A6,P5V2Q-MOTO-CUTIN-001-V030-A6,PRIMARY_SOURCE_SEARCH_PENDING,AI_PREPARED,True
P5V2D-GBR-MOTO-CUTIN-001-V050-A0,GBR,MOTO-CUTIN-001,50,A0,P5V2Q-MOTO-CUTIN-001-V050-A0,PRIMARY_SOURCE_SEARCH_PENDING,AI_PREPARED,True
P5V2D-GBR-MOTO-CUTIN-001-V050-A1,GBR,MOTO-CUTIN-001,50,A1,P5V2Q-MOTO-CUTIN-001-V050-A1,PRIMARY_SOURCE_SEARCH_PENDING,AI_PREPARED,True
P5V2D-GBR-MOTO-CUTIN-001-V050-A2,GBR,MOTO-CUTIN-001,50,A2,P5V2Q-MOTO-CUTIN-001-V050-A2,PRIMARY_SOURCE_SEARCH_PENDING,AI_PREPARED,True
P5V2D-GBR-MOTO-CUTIN-001-V050-A3,GBR,MOTO-CUTIN-001,50,A3,P5V2Q-MOTO-CUTIN-001-V050-A3,PRIMARY_SOURCE_SEARCH_PENDING,AI_PREPARED,True
P5V2D-GBR-MOTO-CUTIN-001-V050-A4,GBR,MOTO-CUTIN-001,50,A4,P5V2Q-MOTO-CUTIN-001-V050-A4,PRIMARY_SOURCE_SEARCH_PENDING,AI_PREPARED,True
P5V2D-GBR-MOTO-CUTIN-001-V050-A6,GBR,MOTO-CUTIN-001,50,A6,P5V2Q-MOTO-CUTIN-001-V050-A6,PRIMARY_SOURCE_SEARCH_PENDING,AI_PREPARED,True
P5V2D-IDN-PED-CROSS-001-V030-A0,IDN,PED-CROSS-001,30,A0,P5V2Q-PED-CROSS-001-V030-A0,PRIMARY_SOURCE_SEARCH_PENDING,AI_PREPARED,True
P5V2D-IDN-PED-CROSS-001-V030-A1,IDN,PED-CROSS-001,30,A1,P5V2Q-PED-CROSS-001-V030-A1,PRIMARY_SOURCE_SEARCH_PENDING,AI_PREPARED,True
P5V2D-IDN-PED-CROSS-001-V030-A2,IDN,PED-CROSS-001,30,A2,P5V2Q-PED-CROSS-001-V030-A2,PRIMARY_SOURCE_SEARCH_PENDING,AI_PREPARED,True
P5V2D-IDN-PED-CROSS-001-V030-A3,IDN,PED-CROSS-001,30,A3,P5V2Q-PED-CROSS-001-V030-A3,PRIMARY_SOURCE_SEARCH_PENDING,AI_PREPARED,True
P5V2D-IDN-PED-CROSS-001-V030-A4,IDN,PED-CROSS-001,30,A4,P5V2Q-PED-CROSS-001-V030-A4,PRIMARY_SOURCE_SEARCH_PENDING,AI_PREPARED,True
P5V2D-IDN-PED-CROSS-001-V030-A6,IDN,PED-CROSS-001,30,A6,P5V2Q-PED-CROSS-001-V030-A6,PRIMARY_SOURCE_SEARCH_PENDING,AI_PREPARED,True
P5V2D-IDN-PED-CROSS-001-V050-A0,IDN,PED-CROSS-001,50,A0,P5V2Q-PED-CROSS-001-V050-A0,PRIMARY_SOURCE_SEARCH_PENDING,AI_PREPARED,True
P5V2D-IDN-PED-CROSS-001-V050-A1,IDN,PED-CROSS-001,50,A1,P5V2Q-PED-CROSS-001-V050-A1,PRIMARY_SOURCE_SEARCH_PENDING,AI_PREPARED,True
P5V2D-IDN-PED-CROSS-001-V050-A2,IDN,PED-CROSS-001,50,A2,P5V2Q-PED-CROSS-001-V050-A2,PRIMARY_SOURCE_SEARCH_PENDING,AI_PREPARED,True
P5V2D-IDN-PED-CROSS-001-V050-A3,IDN,PED-CROSS-001,50,A3,P5V2Q-PED-CROSS-001-V050-A3,PRIMARY_SOURCE_SEARCH_PENDING,AI_PREPARED,True
P5V2D-IDN-PED-CROSS-001-V050-A4,IDN,PED-CROSS-001,50,A4,P5V2Q-PED-CROSS-001-V050-A4,PRIMARY_SOURCE_SEARCH_PENDING,AI_PREPARED,True
P5V2D-IDN-PED-CROSS-001-V050-A6,IDN,PED-CROSS-001,50,A6,P5V2Q-PED-CROSS-001-V050-A6,PRIMARY_SOURCE_SEARCH_PENDING,AI_PREPARED,True
P5V2D-IDN-OBS-LANE-001-V030-A0,IDN,OBS-LANE-001,30,A0,P5V2Q-OBS-LANE-001-V030-A0,PRIMARY_SOURCE_SEARCH_PENDING,AI_PREPARED,True
P5V2D-IDN-OBS-LANE-001-V030-A1,IDN,OBS-LANE-001,30,A1,P5V2Q-OBS-LANE-001-V030-A1,PRIMARY_SOURCE_SEARCH_PENDING,AI_PREPARED,True
P5V2D-IDN-OBS-LANE-001-V030-A2,IDN,OBS-LANE-001,30,A2,P5V2Q-OBS-LANE-001-V030-A2,PRIMARY_SOURCE_SEARCH_PENDING,AI_PREPARED,True
P5V2D-IDN-OBS-LANE-001-V030-A3,IDN,OBS-LANE-001,30,A3,P5V2Q-OBS-LANE-001-V030-A3,PRIMARY_SOURCE_SEARCH_PENDING,AI_PREPARED,True
P5V2D-IDN-OBS-LANE-001-V030-A4,IDN,OBS-LANE-001,30,A4,P5V2Q-OBS-LANE-001-V030-A4,PRIMARY_SOURCE_SEARCH_PENDING,AI_PREPARED,True
P5V2D-IDN-OBS-LANE-001-V030-A6,IDN,OBS-LANE-001,30,A6,P5V2Q-OBS-LANE-001-V030-A6,PRIMARY_SOURCE_SEARCH_PENDING,AI_PREPARED,True
P5V2D-IDN-OBS-LANE-001-V050-A0,IDN,OBS-LANE-001,50,A0,P5V2Q-OBS-LANE-001-V050-A0,PRIMARY_SOURCE_SEARCH_PENDING,AI_PREPARED,True
P5V2D-IDN-OBS-LANE-001-V050-A1,IDN,OBS-LANE-001,50,A1,P5V2Q-OBS-LANE-001-V050-A1,PRIMARY_SOURCE_SEARCH_PENDING,AI_PREPARED,True
P5V2D-IDN-OBS-LANE-001-V050-A2,IDN,OBS-LANE-001,50,A2,P5V2Q-OBS-LANE-001-V050-A2,PRIMARY_SOURCE_SEARCH_PENDING,AI_PREPARED,True
P5V2D-IDN-OBS-LANE-001-V050-A3,IDN,OBS-LANE-001,50,A3,P5V2Q-OBS-LANE-001-V050-A3,PRIMARY_SOURCE_SEARCH_PENDING,AI_PREPARED,True
P5V2D-IDN-OBS-LANE-001-V050-A4,IDN,OBS-LANE-001,50,A4,P5V2Q-OBS-LANE-001-V050-A4,PRIMARY_SOURCE_SEARCH_PENDING,AI_PREPARED,True
P5V2D-IDN-OBS-LANE-001-V050-A6,IDN,OBS-LANE-001,50,A6,P5V2Q-OBS-LANE-001-V050-A6,PRIMARY_SOURCE_SEARCH_PENDING,AI_PREPARED,True
P5V2D-IDN-MOTO-CUTIN-001-V030-A0,IDN,MOTO-CUTIN-001,30,A0,P5V2Q-MOTO-CUTIN-001-V030-A0,PRIMARY_SOURCE_SEARCH_PENDING,AI_PREPARED,True
P5V2D-IDN-MOTO-CUTIN-001-V030-A1,IDN,MOTO-CUTIN-001,30,A1,P5V2Q-MOTO-CUTIN-001-V030-A1,PRIMARY_SOURCE_SEARCH_PENDING,AI_PREPARED,True
P5V2D-IDN-MOTO-CUTIN-001-V030-A2,IDN,MOTO-CUTIN-001,30,A2,P5V2Q-MOTO-CUTIN-001-V030-A2,PRIMARY_SOURCE_SEARCH_PENDING,AI_PREPARED,True
P5V2D-IDN-MOTO-CUTIN-001-V030-A3,IDN,MOTO-CUTIN-001,30,A3,P5V2Q-MOTO-CUTIN-001-V030-A3,PRIMARY_SOURCE_SEARCH_PENDING,AI_PREPARED,True
P5V2D-IDN-MOTO-CUTIN-001-V030-A4,IDN,MOTO-CUTIN-001,30,A4,P5V2Q-MOTO-CUTIN-001-V030-A4,PRIMARY_SOURCE_SEARCH_PENDING,AI_PREPARED,True
P5V2D-IDN-MOTO-CUTIN-001-V030-A6,IDN,MOTO-CUTIN-001,30,A6,P5V2Q-MOTO-CUTIN-001-V030-A6,PRIMARY_SOURCE_SEARCH_PENDING,AI_PREPARED,True
P5V2D-IDN-MOTO-CUTIN-001-V050-A0,IDN,MOTO-CUTIN-001,50,A0,P5V2Q-MOTO-CUTIN-001-V050-A0,PRIMARY_SOURCE_SEARCH_PENDING,AI_PREPARED,True
P5V2D-IDN-MOTO-CUTIN-001-V050-A1,IDN,MOTO-CUTIN-001,50,A1,P5V2Q-MOTO-CUTIN-001-V050-A1,PRIMARY_SOURCE_SEARCH_PENDING,AI_PREPARED,True
P5V2D-IDN-MOTO-CUTIN-001-V050-A2,IDN,MOTO-CUTIN-001,50,A2,P5V2Q-MOTO-CUTIN-001-V050-A2,PRIMARY_SOURCE_SEARCH_PENDING,AI_PREPARED,True
P5V2D-IDN-MOTO-CUTIN-001-V050-A3,IDN,MOTO-CUTIN-001,50,A3,P5V2Q-MOTO-CUTIN-001-V050-A3,PRIMARY_SOURCE_SEARCH_PENDING,AI_PREPARED,True
P5V2D-IDN-MOTO-CUTIN-001-V050-A4,IDN,MOTO-CUTIN-001,50,A4,P5V2Q-MOTO-CUTIN-001-V050-A4,PRIMARY_SOURCE_SEARCH_PENDING,AI_PREPARED,True
P5V2D-IDN-MOTO-CUTIN-001-V050-A6,IDN,MOTO-CUTIN-001,50,A6,P5V2Q-MOTO-CUTIN-001-V050-A6,PRIMARY_SOURCE_SEARCH_PENDING,AI_PREPARED,True
P5V2D-IND-PED-CROSS-001-V030-A0,IND,PED-CROSS-001,30,A0,P5V2Q-PED-CROSS-001-V030-A0,PRIMARY_SOURCE_SEARCH_PENDING,AI_PREPARED,True
P5V2D-IND-PED-CROSS-001-V030-A1,IND,PED-CROSS-001,30,A1,P5V2Q-PED-CROSS-001-V030-A1,PRIMARY_SOURCE_SEARCH_PENDING,AI_PREPARED,True
P5V2D-IND-PED-CROSS-001-V030-A2,IND,PED-CROSS-001,30,A2,P5V2Q-PED-CROSS-001-V030-A2,PRIMARY_SOURCE_SEARCH_PENDING,AI_PREPARED,True
P5V2D-IND-PED-CROSS-001-V030-A3,IND,PED-CROSS-001,30,A3,P5V2Q-PED-CROSS-001-V030-A3,PRIMARY_SOURCE_SEARCH_PENDING,AI_PREPARED,True
P5V2D-IND-PED-CROSS-001-V030-A4,IND,PED-CROSS-001,30,A4,P5V2Q-PED-CROSS-001-V030-A4,PRIMARY_SOURCE_SEARCH_PENDING,AI_PREPARED,True
P5V2D-IND-PED-CROSS-001-V030-A6,IND,PED-CROSS-001,30,A6,P5V2Q-PED-CROSS-001-V030-A6,PRIMARY_SOURCE_SEARCH_PENDING,AI_PREPARED,True
P5V2D-IND-PED-CROSS-001-V050-A0,IND,PED-CROSS-001,50,A0,P5V2Q-PED-CROSS-001-V050-A0,PRIMARY_SOURCE_SEARCH_PENDING,AI_PREPARED,True
P5V2D-IND-PED-CROSS-001-V050-A1,IND,PED-CROSS-001,50,A1,P5V2Q-PED-CROSS-001-V050-A1,PRIMARY_SOURCE_SEARCH_PENDING,AI_PREPARED,True
P5V2D-IND-PED-CROSS-001-V050-A2,IND,PED-CROSS-001,50,A2,P5V2Q-PED-CROSS-001-V050-A2,PRIMARY_SOURCE_SEARCH_PENDING,AI_PREPARED,True
P5V2D-IND-PED-CROSS-001-V050-A3,IND,PED-CROSS-001,50,A3,P5V2Q-PED-CROSS-001-V050-A3,PRIMARY_SOURCE_SEARCH_PENDING,AI_PREPARED,True
P5V2D-IND-PED-CROSS-001-V050-A4,IND,PED-CROSS-001,50,A4,P5V2Q-PED-CROSS-001-V050-A4,PRIMARY_SOURCE_SEARCH_PENDING,AI_PREPARED,True
P5V2D-IND-PED-CROSS-001-V050-A6,IND,PED-CROSS-001,50,A6,P5V2Q-PED-CROSS-001-V050-A6,PRIMARY_SOURCE_SEARCH_PENDING,AI_PREPARED,True
P5V2D-IND-OBS-LANE-001-V030-A0,IND,OBS-LANE-001,30,A0,P5V2Q-OBS-LANE-001-V030-A0,PRIMARY_SOURCE_SEARCH_PENDING,AI_PREPARED,True
P5V2D-IND-OBS-LANE-001-V030-A1,IND,OBS-LANE-001,30,A1,P5V2Q-OBS-LANE-001-V030-A1,PRIMARY_SOURCE_SEARCH_PENDING,AI_PREPARED,True
P5V2D-IND-OBS-LANE-001-V030-A2,IND,OBS-LANE-001,30,A2,P5V2Q-OBS-LANE-001-V030-A2,PRIMARY_SOURCE_SEARCH_PENDING,AI_PREPARED,True
P5V2D-IND-OBS-LANE-001-V030-A3,IND,OBS-LANE-001,30,A3,P5V2Q-OBS-LANE-001-V030-A3,PRIMARY_SOURCE_SEARCH_PENDING,AI_PREPARED,True
P5V2D-IND-OBS-LANE-001-V030-A4,IND,OBS-LANE-001,30,A4,P5V2Q-OBS-LANE-001-V030-A4,PRIMARY_SOURCE_SEARCH_PENDING,AI_PREPARED,True
P5V2D-IND-OBS-LANE-001-V030-A6,IND,OBS-LANE-001,30,A6,P5V2Q-OBS-LANE-001-V030-A6,PRIMARY_SOURCE_SEARCH_PENDING,AI_PREPARED,True
P5V2D-IND-OBS-LANE-001-V050-A0,IND,OBS-LANE-001,50,A0,P5V2Q-OBS-LANE-001-V050-A0,PRIMARY_SOURCE_SEARCH_PENDING,AI_PREPARED,True
P5V2D-IND-OBS-LANE-001-V050-A1,IND,OBS-LANE-001,50,A1,P5V2Q-OBS-LANE-001-V050-A1,PRIMARY_SOURCE_SEARCH_PENDING,AI_PREPARED,True
P5V2D-IND-OBS-LANE-001-V050-A2,IND,OBS-LANE-001,50,A2,P5V2Q-OBS-LANE-001-V050-A2,PRIMARY_SOURCE_SEARCH_PENDING,AI_PREPARED,True
P5V2D-IND-OBS-LANE-001-V050-A3,IND,OBS-LANE-001,50,A3,P5V2Q-OBS-LANE-001-V050-A3,PRIMARY_SOURCE_SEARCH_PENDING,AI_PREPARED,True
P5V2D-IND-OBS-LANE-001-V050-A4,IND,OBS-LANE-001,50,A4,P5V2Q-OBS-LANE-001-V050-A4,PRIMARY_SOURCE_SEARCH_PENDING,AI_PREPARED,True
P5V2D-IND-OBS-LANE-001-V050-A6,IND,OBS-LANE-001,50,A6,P5V2Q-OBS-LANE-001-V050-A6,PRIMARY_SOURCE_SEARCH_PENDING,AI_PREPARED,True
P5V2D-IND-MOTO-CUTIN-001-V030-A0,IND,MOTO-CUTIN-001,30,A0,P5V2Q-MOTO-CUTIN-001-V030-A0,PRIMARY_SOURCE_SEARCH_PENDING,AI_PREPARED,True
P5V2D-IND-MOTO-CUTIN-001-V030-A1,IND,MOTO-CUTIN-001,30,A1,P5V2Q-MOTO-CUTIN-001-V030-A1,PRIMARY_SOURCE_SEARCH_PENDING,AI_PREPARED,True
P5V2D-IND-MOTO-CUTIN-001-V030-A2,IND,MOTO-CUTIN-001,30,A2,P5V2Q-MOTO-CUTIN-001-V030-A2,PRIMARY_SOURCE_SEARCH_PENDING,AI_PREPARED,True
P5V2D-IND-MOTO-CUTIN-001-V030-A3,IND,MOTO-CUTIN-001,30,A3,P5V2Q-MOTO-CUTIN-001-V030-A3,PRIMARY_SOURCE_SEARCH_PENDING,AI_PREPARED,True
P5V2D-IND-MOTO-CUTIN-001-V030-A4,IND,MOTO-CUTIN-001,30,A4,P5V2Q-MOTO-CUTIN-001-V030-A4,PRIMARY_SOURCE_SEARCH_PENDING,AI_PREPARED,True
P5V2D-IND-MOTO-CUTIN-001-V030-A6,IND,MOTO-CUTIN-001,30,A6,P5V2Q-MOTO-CUTIN-001-V030-A6,PRIMARY_SOURCE_SEARCH_PENDING,AI_PREPARED,True
P5V2D-IND-MOTO-CUTIN-001-V050-A0,IND,MOTO-CUTIN-001,50,A0,P5V2Q-MOTO-CUTIN-001-V050-A0,PRIMARY_SOURCE_SEARCH_PENDING,AI_PREPARED,True
P5V2D-IND-MOTO-CUTIN-001-V050-A1,IND,MOTO-CUTIN-001,50,A1,P5V2Q-MOTO-CUTIN-001-V050-A1,PRIMARY_SOURCE_SEARCH_PENDING,AI_PREPARED,True
P5V2D-IND-MOTO-CUTIN-001-V050-A2,IND,MOTO-CUTIN-001,50,A2,P5V2Q-MOTO-CUTIN-001-V050-A2,PRIMARY_SOURCE_SEARCH_PENDING,AI_PREPARED,True
P5V2D-IND-MOTO-CUTIN-001-V050-A3,IND,MOTO-CUTIN-001,50,A3,P5V2Q-MOTO-CUTIN-001-V050-A3,PRIMARY_SOURCE_SEARCH_PENDING,AI_PREPARED,True
P5V2D-IND-MOTO-CUTIN-001-V050-A4,IND,MOTO-CUTIN-001,50,A4,P5V2Q-MOTO-CUTIN-001-V050-A4,PRIMARY_SOURCE_SEARCH_PENDING,AI_PREPARED,True
P5V2D-IND-MOTO-CUTIN-001-V050-A6,IND,MOTO-CUTIN-001,50,A6,P5V2Q-MOTO-CUTIN-001-V050-A6,PRIMARY_SOURCE_SEARCH_PENDING,AI_PREPARED,True
P5V2D-JPN-PED-CROSS-001-V030-A0,JPN,PED-CROSS-001,30,A0,P5V2Q-PED-CROSS-001-V030-A0,PRIMARY_SOURCE_SEARCH_PENDING,AI_PREPARED,True
P5V2D-JPN-PED-CROSS-001-V030-A1,JPN,PED-CROSS-001,30,A1,P5V2Q-PED-CROSS-001-V030-A1,PRIMARY_SOURCE_SEARCH_PENDING,AI_PREPARED,True
P5V2D-JPN-PED-CROSS-001-V030-A2,JPN,PED-CROSS-001,30,A2,P5V2Q-PED-CROSS-001-V030-A2,PRIMARY_SOURCE_SEARCH_PENDING,AI_PREPARED,True
P5V2D-JPN-PED-CROSS-001-V030-A3,JPN,PED-CROSS-001,30,A3,P5V2Q-PED-CROSS-001-V030-A3,PRIMARY_SOURCE_SEARCH_PENDING,AI_PREPARED,True
P5V2D-JPN-PED-CROSS-001-V030-A4,JPN,PED-CROSS-001,30,A4,P5V2Q-PED-CROSS-001-V030-A4,PRIMARY_SOURCE_SEARCH_PENDING,AI_PREPARED,True
P5V2D-JPN-PED-CROSS-001-V030-A6,JPN,PED-CROSS-001,30,A6,P5V2Q-PED-CROSS-001-V030-A6,PRIMARY_SOURCE_SEARCH_PENDING,AI_PREPARED,True
P5V2D-JPN-PED-CROSS-001-V050-A0,JPN,PED-CROSS-001,50,A0,P5V2Q-PED-CROSS-001-V050-A0,PRIMARY_SOURCE_SEARCH_PENDING,AI_PREPARED,True
P5V2D-JPN-PED-CROSS-001-V050-A1,JPN,PED-CROSS-001,50,A1,P5V2Q-PED-CROSS-001-V050-A1,PRIMARY_SOURCE_SEARCH_PENDING,AI_PREPARED,True
P5V2D-JPN-PED-CROSS-001-V050-A2,JPN,PED-CROSS-001,50,A2,P5V2Q-PED-CROSS-001-V050-A2,PRIMARY_SOURCE_SEARCH_PENDING,AI_PREPARED,True
P5V2D-JPN-PED-CROSS-001-V050-A3,JPN,PED-CROSS-001,50,A3,P5V2Q-PED-CROSS-001-V050-A3,PRIMARY_SOURCE_SEARCH_PENDING,AI_PREPARED,True
P5V2D-JPN-PED-CROSS-001-V050-A4,JPN,PED-CROSS-001,50,A4,P5V2Q-PED-CROSS-001-V050-A4,PRIMARY_SOURCE_SEARCH_PENDING,AI_PREPARED,True
P5V2D-JPN-PED-CROSS-001-V050-A6,JPN,PED-CROSS-001,50,A6,P5V2Q-PED-CROSS-001-V050-A6,PRIMARY_SOURCE_SEARCH_PENDING,AI_PREPARED,True
P5V2D-JPN-OBS-LANE-001-V030-A0,JPN,OBS-LANE-001,30,A0,P5V2Q-OBS-LANE-001-V030-A0,PRIMARY_SOURCE_SEARCH_PENDING,AI_PREPARED,True
P5V2D-JPN-OBS-LANE-001-V030-A1,JPN,OBS-LANE-001,30,A1,P5V2Q-OBS-LANE-001-V030-A1,PRIMARY_SOURCE_SEARCH_PENDING,AI_PREPARED,True
P5V2D-JPN-OBS-LANE-001-V030-A2,JPN,OBS-LANE-001,30,A2,P5V2Q-OBS-LANE-001-V030-A2,PRIMARY_SOURCE_SEARCH_PENDING,AI_PREPARED,True
P5V2D-JPN-OBS-LANE-001-V030-A3,JPN,OBS-LANE-001,30,A3,P5V2Q-OBS-LANE-001-V030-A3,PRIMARY_SOURCE_SEARCH_PENDING,AI_PREPARED,True
P5V2D-JPN-OBS-LANE-001-V030-A4,JPN,OBS-LANE-001,30,A4,P5V2Q-OBS-LANE-001-V030-A4,PRIMARY_SOURCE_SEARCH_PENDING,AI_PREPARED,True
P5V2D-JPN-OBS-LANE-001-V030-A6,JPN,OBS-LANE-001,30,A6,P5V2Q-OBS-LANE-001-V030-A6,PRIMARY_SOURCE_SEARCH_PENDING,AI_PREPARED,True
P5V2D-JPN-OBS-LANE-001-V050-A0,JPN,OBS-LANE-001,50,A0,P5V2Q-OBS-LANE-001-V050-A0,PRIMARY_SOURCE_SEARCH_PENDING,AI_PREPARED,True
P5V2D-JPN-OBS-LANE-001-V050-A1,JPN,OBS-LANE-001,50,A1,P5V2Q-OBS-LANE-001-V050-A1,PRIMARY_SOURCE_SEARCH_PENDING,AI_PREPARED,True
P5V2D-JPN-OBS-LANE-001-V050-A2,JPN,OBS-LANE-001,50,A2,P5V2Q-OBS-LANE-001-V050-A2,PRIMARY_SOURCE_SEARCH_PENDING,AI_PREPARED,True
P5V2D-JPN-OBS-LANE-001-V050-A3,JPN,OBS-LANE-001,50,A3,P5V2Q-OBS-LANE-001-V050-A3,PRIMARY_SOURCE_SEARCH_PENDING,AI_PREPARED,True
P5V2D-JPN-OBS-LANE-001-V050-A4,JPN,OBS-LANE-001,50,A4,P5V2Q-OBS-LANE-001-V050-A4,PRIMARY_SOURCE_SEARCH_PENDING,AI_PREPARED,True
P5V2D-JPN-OBS-LANE-001-V050-A6,JPN,OBS-LANE-001,50,A6,P5V2Q-OBS-LANE-001-V050-A6,PRIMARY_SOURCE_SEARCH_PENDING,AI_PREPARED,True
P5V2D-JPN-MOTO-CUTIN-001-V030-A0,JPN,MOTO-CUTIN-001,30,A0,P5V2Q-MOTO-CUTIN-001-V030-A0,PRIMARY_SOURCE_SEARCH_PENDING,AI_PREPARED,True
P5V2D-JPN-MOTO-CUTIN-001-V030-A1,JPN,MOTO-CUTIN-001,30,A1,P5V2Q-MOTO-CUTIN-001-V030-A1,PRIMARY_SOURCE_SEARCH_PENDING,AI_PREPARED,True
P5V2D-JPN-MOTO-CUTIN-001-V030-A2,JPN,MOTO-CUTIN-001,30,A2,P5V2Q-MOTO-CUTIN-001-V030-A2,PRIMARY_SOURCE_SEARCH_PENDING,AI_PREPARED,True
P5V2D-JPN-MOTO-CUTIN-001-V030-A3,JPN,MOTO-CUTIN-001,30,A3,P5V2Q-MOTO-CUTIN-001-V030-A3,PRIMARY_SOURCE_SEARCH_PENDING,AI_PREPARED,True
P5V2D-JPN-MOTO-CUTIN-001-V030-A4,JPN,MOTO-CUTIN-001,30,A4,P5V2Q-MOTO-CUTIN-001-V030-A4,PRIMARY_SOURCE_SEARCH_PENDING,AI_PREPARED,True
P5V2D-JPN-MOTO-CUTIN-001-V030-A6,JPN,MOTO-CUTIN-001,30,A6,P5V2Q-MOTO-CUTIN-001-V030-A6,PRIMARY_SOURCE_SEARCH_PENDING,AI_PREPARED,True
P5V2D-JPN-MOTO-CUTIN-001-V050-A0,JPN,MOTO-CUTIN-001,50,A0,P5V2Q-MOTO-CUTIN-001-V050-A0,PRIMARY_SOURCE_SEARCH_PENDING,AI_PREPARED,True
P5V2D-JPN-MOTO-CUTIN-001-V050-A1,JPN,MOTO-CUTIN-001,50,A1,P5V2Q-MOTO-CUTIN-001-V050-A1,PRIMARY_SOURCE_SEARCH_PENDING,AI_PREPARED,True
P5V2D-JPN-MOTO-CUTIN-001-V050-A2,JPN,MOTO-CUTIN-001,50,A2,P5V2Q-MOTO-CUTIN-001-V050-A2,PRIMARY_SOURCE_SEARCH_PENDING,AI_PREPARED,True
P5V2D-JPN-MOTO-CUTIN-001-V050-A3,JPN,MOTO-CUTIN-001,50,A3,P5V2Q-MOTO-CUTIN-001-V050-A3,PRIMARY_SOURCE_SEARCH_PENDING,AI_PREPARED,True
P5V2D-JPN-MOTO-CUTIN-001-V050-A4,JPN,MOTO-CUTIN-001,50,A4,P5V2Q-MOTO-CUTIN-001-V050-A4,PRIMARY_SOURCE_SEARCH_PENDING,AI_PREPARED,True
P5V2D-JPN-MOTO-CUTIN-001-V050-A6,JPN,MOTO-CUTIN-001,50,A6,P5V2Q-MOTO-CUTIN-001-V050-A6,PRIMARY_SOURCE_SEARCH_PENDING,AI_PREPARED,True
P5V2D-KEN-PED-CROSS-001-V030-A0,KEN,PED-CROSS-001,30,A0,P5V2Q-PED-CROSS-001-V030-A0,PRIMARY_SOURCE_SEARCH_PENDING,AI_PREPARED,True
P5V2D-KEN-PED-CROSS-001-V030-A1,KEN,PED-CROSS-001,30,A1,P5V2Q-PED-CROSS-001-V030-A1,PRIMARY_SOURCE_SEARCH_PENDING,AI_PREPARED,True
P5V2D-KEN-PED-CROSS-001-V030-A2,KEN,PED-CROSS-001,30,A2,P5V2Q-PED-CROSS-001-V030-A2,PRIMARY_SOURCE_SEARCH_PENDING,AI_PREPARED,True
P5V2D-KEN-PED-CROSS-001-V030-A3,KEN,PED-CROSS-001,30,A3,P5V2Q-PED-CROSS-001-V030-A3,PRIMARY_SOURCE_SEARCH_PENDING,AI_PREPARED,True
P5V2D-KEN-PED-CROSS-001-V030-A4,KEN,PED-CROSS-001,30,A4,P5V2Q-PED-CROSS-001-V030-A4,PRIMARY_SOURCE_SEARCH_PENDING,AI_PREPARED,True
P5V2D-KEN-PED-CROSS-001-V030-A6,KEN,PED-CROSS-001,30,A6,P5V2Q-PED-CROSS-001-V030-A6,PRIMARY_SOURCE_SEARCH_PENDING,AI_PREPARED,True
P5V2D-KEN-PED-CROSS-001-V050-A0,KEN,PED-CROSS-001,50,A0,P5V2Q-PED-CROSS-001-V050-A0,PRIMARY_SOURCE_SEARCH_PENDING,AI_PREPARED,True
P5V2D-KEN-PED-CROSS-001-V050-A1,KEN,PED-CROSS-001,50,A1,P5V2Q-PED-CROSS-001-V050-A1,PRIMARY_SOURCE_SEARCH_PENDING,AI_PREPARED,True
P5V2D-KEN-PED-CROSS-001-V050-A2,KEN,PED-CROSS-001,50,A2,P5V2Q-PED-CROSS-001-V050-A2,PRIMARY_SOURCE_SEARCH_PENDING,AI_PREPARED,True
P5V2D-KEN-PED-CROSS-001-V050-A3,KEN,PED-CROSS-001,50,A3,P5V2Q-PED-CROSS-001-V050-A3,PRIMARY_SOURCE_SEARCH_PENDING,AI_PREPARED,True
P5V2D-KEN-PED-CROSS-001-V050-A4,KEN,PED-CROSS-001,50,A4,P5V2Q-PED-CROSS-001-V050-A4,PRIMARY_SOURCE_SEARCH_PENDING,AI_PREPARED,True
P5V2D-KEN-PED-CROSS-001-V050-A6,KEN,PED-CROSS-001,50,A6,P5V2Q-PED-CROSS-001-V050-A6,PRIMARY_SOURCE_SEARCH_PENDING,AI_PREPARED,True
P5V2D-KEN-OBS-LANE-001-V030-A0,KEN,OBS-LANE-001,30,A0,P5V2Q-OBS-LANE-001-V030-A0,PRIMARY_SOURCE_SEARCH_PENDING,AI_PREPARED,True
P5V2D-KEN-OBS-LANE-001-V030-A1,KEN,OBS-LANE-001,30,A1,P5V2Q-OBS-LANE-001-V030-A1,PRIMARY_SOURCE_SEARCH_PENDING,AI_PREPARED,True
P5V2D-KEN-OBS-LANE-001-V030-A2,KEN,OBS-LANE-001,30,A2,P5V2Q-OBS-LANE-001-V030-A2,PRIMARY_SOURCE_SEARCH_PENDING,AI_PREPARED,True
P5V2D-KEN-OBS-LANE-001-V030-A3,KEN,OBS-LANE-001,30,A3,P5V2Q-OBS-LANE-001-V030-A3,PRIMARY_SOURCE_SEARCH_PENDING,AI_PREPARED,True
P5V2D-KEN-OBS-LANE-001-V030-A4,KEN,OBS-LANE-001,30,A4,P5V2Q-OBS-LANE-001-V030-A4,PRIMARY_SOURCE_SEARCH_PENDING,AI_PREPARED,True
P5V2D-KEN-OBS-LANE-001-V030-A6,KEN,OBS-LANE-001,30,A6,P5V2Q-OBS-LANE-001-V030-A6,PRIMARY_SOURCE_SEARCH_PENDING,AI_PREPARED,True
P5V2D-KEN-OBS-LANE-001-V050-A0,KEN,OBS-LANE-001,50,A0,P5V2Q-OBS-LANE-001-V050-A0,PRIMARY_SOURCE_SEARCH_PENDING,AI_PREPARED,True
P5V2D-KEN-OBS-LANE-001-V050-A1,KEN,OBS-LANE-001,50,A1,P5V2Q-OBS-LANE-001-V050-A1,PRIMARY_SOURCE_SEARCH_PENDING,AI_PREPARED,True
P5V2D-KEN-OBS-LANE-001-V050-A2,KEN,OBS-LANE-001,50,A2,P5V2Q-OBS-LANE-001-V050-A2,PRIMARY_SOURCE_SEARCH_PENDING,AI_PREPARED,True
P5V2D-KEN-OBS-LANE-001-V050-A3,KEN,OBS-LANE-001,50,A3,P5V2Q-OBS-LANE-001-V050-A3,PRIMARY_SOURCE_SEARCH_PENDING,AI_PREPARED,True
P5V2D-KEN-OBS-LANE-001-V050-A4,KEN,OBS-LANE-001,50,A4,P5V2Q-OBS-LANE-001-V050-A4,PRIMARY_SOURCE_SEARCH_PENDING,AI_PREPARED,True
P5V2D-KEN-OBS-LANE-001-V050-A6,KEN,OBS-LANE-001,50,A6,P5V2Q-OBS-LANE-001-V050-A6,PRIMARY_SOURCE_SEARCH_PENDING,AI_PREPARED,True
P5V2D-KEN-MOTO-CUTIN-001-V030-A0,KEN,MOTO-CUTIN-001,30,A0,P5V2Q-MOTO-CUTIN-001-V030-A0,PRIMARY_SOURCE_SEARCH_PENDING,AI_PREPARED,True
P5V2D-KEN-MOTO-CUTIN-001-V030-A1,KEN,MOTO-CUTIN-001,30,A1,P5V2Q-MOTO-CUTIN-001-V030-A1,PRIMARY_SOURCE_SEARCH_PENDING,AI_PREPARED,True
P5V2D-KEN-MOTO-CUTIN-001-V030-A2,KEN,MOTO-CUTIN-001,30,A2,P5V2Q-MOTO-CUTIN-001-V030-A2,PRIMARY_SOURCE_SEARCH_PENDING,AI_PREPARED,True
P5V2D-KEN-MOTO-CUTIN-001-V030-A3,KEN,MOTO-CUTIN-001,30,A3,P5V2Q-MOTO-CUTIN-001-V030-A3,PRIMARY_SOURCE_SEARCH_PENDING,AI_PREPARED,True
P5V2D-KEN-MOTO-CUTIN-001-V030-A4,KEN,MOTO-CUTIN-001,30,A4,P5V2Q-MOTO-CUTIN-001-V030-A4,PRIMARY_SOURCE_SEARCH_PENDING,AI_PREPARED,True
P5V2D-KEN-MOTO-CUTIN-001-V030-A6,KEN,MOTO-CUTIN-001,30,A6,P5V2Q-MOTO-CUTIN-001-V030-A6,PRIMARY_SOURCE_SEARCH_PENDING,AI_PREPARED,True
P5V2D-KEN-MOTO-CUTIN-001-V050-A0,KEN,MOTO-CUTIN-001,50,A0,P5V2Q-MOTO-CUTIN-001-V050-A0,PRIMARY_SOURCE_SEARCH_PENDING,AI_PREPARED,True
P5V2D-KEN-MOTO-CUTIN-001-V050-A1,KEN,MOTO-CUTIN-001,50,A1,P5V2Q-MOTO-CUTIN-001-V050-A1,PRIMARY_SOURCE_SEARCH_PENDING,AI_PREPARED,True
P5V2D-KEN-MOTO-CUTIN-001-V050-A2,KEN,MOTO-CUTIN-001,50,A2,P5V2Q-MOTO-CUTIN-001-V050-A2,PRIMARY_SOURCE_SEARCH_PENDING,AI_PREPARED,True
P5V2D-KEN-MOTO-CUTIN-001-V050-A3,KEN,MOTO-CUTIN-001,50,A3,P5V2Q-MOTO-CUTIN-001-V050-A3,PRIMARY_SOURCE_SEARCH_PENDING,AI_PREPARED,True
P5V2D-KEN-MOTO-CUTIN-001-V050-A4,KEN,MOTO-CUTIN-001,50,A4,P5V2Q-MOTO-CUTIN-001-V050-A4,PRIMARY_SOURCE_SEARCH_PENDING,AI_PREPARED,True
P5V2D-KEN-MOTO-CUTIN-001-V050-A6,KEN,MOTO-CUTIN-001,50,A6,P5V2Q-MOTO-CUTIN-001-V050-A6,PRIMARY_SOURCE_SEARCH_PENDING,AI_PREPARED,True
P5V2D-KOR-PED-CROSS-001-V030-A0,KOR,PED-CROSS-001,30,A0,P5V2Q-PED-CROSS-001-V030-A0,PRIMARY_SOURCE_SEARCH_PENDING,AI_PREPARED,True
P5V2D-KOR-PED-CROSS-001-V030-A1,KOR,PED-CROSS-001,30,A1,P5V2Q-PED-CROSS-001-V030-A1,PRIMARY_SOURCE_SEARCH_PENDING,AI_PREPARED,True
P5V2D-KOR-PED-CROSS-001-V030-A2,KOR,PED-CROSS-001,30,A2,P5V2Q-PED-CROSS-001-V030-A2,PRIMARY_SOURCE_SEARCH_PENDING,AI_PREPARED,True
P5V2D-KOR-PED-CROSS-001-V030-A3,KOR,PED-CROSS-001,30,A3,P5V2Q-PED-CROSS-001-V030-A3,PRIMARY_SOURCE_SEARCH_PENDING,AI_PREPARED,True
P5V2D-KOR-PED-CROSS-001-V030-A4,KOR,PED-CROSS-001,30,A4,P5V2Q-PED-CROSS-001-V030-A4,PRIMARY_SOURCE_SEARCH_PENDING,AI_PREPARED,True
P5V2D-KOR-PED-CROSS-001-V030-A6,KOR,PED-CROSS-001,30,A6,P5V2Q-PED-CROSS-001-V030-A6,PRIMARY_SOURCE_SEARCH_PENDING,AI_PREPARED,True
P5V2D-KOR-PED-CROSS-001-V050-A0,KOR,PED-CROSS-001,50,A0,P5V2Q-PED-CROSS-001-V050-A0,PRIMARY_SOURCE_SEARCH_PENDING,AI_PREPARED,True
P5V2D-KOR-PED-CROSS-001-V050-A1,KOR,PED-CROSS-001,50,A1,P5V2Q-PED-CROSS-001-V050-A1,PRIMARY_SOURCE_SEARCH_PENDING,AI_PREPARED,True
P5V2D-KOR-PED-CROSS-001-V050-A2,KOR,PED-CROSS-001,50,A2,P5V2Q-PED-CROSS-001-V050-A2,PRIMARY_SOURCE_SEARCH_PENDING,AI_PREPARED,True
P5V2D-KOR-PED-CROSS-001-V050-A3,KOR,PED-CROSS-001,50,A3,P5V2Q-PED-CROSS-001-V050-A3,PRIMARY_SOURCE_SEARCH_PENDING,AI_PREPARED,True
P5V2D-KOR-PED-CROSS-001-V050-A4,KOR,PED-CROSS-001,50,A4,P5V2Q-PED-CROSS-001-V050-A4,PRIMARY_SOURCE_SEARCH_PENDING,AI_PREPARED,True
P5V2D-KOR-PED-CROSS-001-V050-A6,KOR,PED-CROSS-001,50,A6,P5V2Q-PED-CROSS-001-V050-A6,PRIMARY_SOURCE_SEARCH_PENDING,AI_PREPARED,True
P5V2D-KOR-OBS-LANE-001-V030-A0,KOR,OBS-LANE-001,30,A0,P5V2Q-OBS-LANE-001-V030-A0,PRIMARY_SOURCE_SEARCH_PENDING,AI_PREPARED,True
P5V2D-KOR-OBS-LANE-001-V030-A1,KOR,OBS-LANE-001,30,A1,P5V2Q-OBS-LANE-001-V030-A1,PRIMARY_SOURCE_SEARCH_PENDING,AI_PREPARED,True
P5V2D-KOR-OBS-LANE-001-V030-A2,KOR,OBS-LANE-001,30,A2,P5V2Q-OBS-LANE-001-V030-A2,PRIMARY_SOURCE_SEARCH_PENDING,AI_PREPARED,True
P5V2D-KOR-OBS-LANE-001-V030-A3,KOR,OBS-LANE-001,30,A3,P5V2Q-OBS-LANE-001-V030-A3,PRIMARY_SOURCE_SEARCH_PENDING,AI_PREPARED,True
P5V2D-KOR-OBS-LANE-001-V030-A4,KOR,OBS-LANE-001,30,A4,P5V2Q-OBS-LANE-001-V030-A4,PRIMARY_SOURCE_SEARCH_PENDING,AI_PREPARED,True
P5V2D-KOR-OBS-LANE-001-V030-A6,KOR,OBS-LANE-001,30,A6,P5V2Q-OBS-LANE-001-V030-A6,PRIMARY_SOURCE_SEARCH_PENDING,AI_PREPARED,True
P5V2D-KOR-OBS-LANE-001-V050-A0,KOR,OBS-LANE-001,50,A0,P5V2Q-OBS-LANE-001-V050-A0,PRIMARY_SOURCE_SEARCH_PENDING,AI_PREPARED,True
P5V2D-KOR-OBS-LANE-001-V050-A1,KOR,OBS-LANE-001,50,A1,P5V2Q-OBS-LANE-001-V050-A1,PRIMARY_SOURCE_SEARCH_PENDING,AI_PREPARED,True
P5V2D-KOR-OBS-LANE-001-V050-A2,KOR,OBS-LANE-001,50,A2,P5V2Q-OBS-LANE-001-V050-A2,PRIMARY_SOURCE_SEARCH_PENDING,AI_PREPARED,True
P5V2D-KOR-OBS-LANE-001-V050-A3,KOR,OBS-LANE-001,50,A3,P5V2Q-OBS-LANE-001-V050-A3,PRIMARY_SOURCE_SEARCH_PENDING,AI_PREPARED,True
P5V2D-KOR-OBS-LANE-001-V050-A4,KOR,OBS-LANE-001,50,A4,P5V2Q-OBS-LANE-001-V050-A4,PRIMARY_SOURCE_SEARCH_PENDING,AI_PREPARED,True
P5V2D-KOR-OBS-LANE-001-V050-A6,KOR,OBS-LANE-001,50,A6,P5V2Q-OBS-LANE-001-V050-A6,PRIMARY_SOURCE_SEARCH_PENDING,AI_PREPARED,True
P5V2D-KOR-MOTO-CUTIN-001-V030-A0,KOR,MOTO-CUTIN-001,30,A0,P5V2Q-MOTO-CUTIN-001-V030-A0,PRIMARY_SOURCE_SEARCH_PENDING,AI_PREPARED,True
P5V2D-KOR-MOTO-CUTIN-001-V030-A1,KOR,MOTO-CUTIN-001,30,A1,P5V2Q-MOTO-CUTIN-001-V030-A1,PRIMARY_SOURCE_SEARCH_PENDING,AI_PREPARED,True
P5V2D-KOR-MOTO-CUTIN-001-V030-A2,KOR,MOTO-CUTIN-001,30,A2,P5V2Q-MOTO-CUTIN-001-V030-A2,PRIMARY_SOURCE_SEARCH_PENDING,AI_PREPARED,True
P5V2D-KOR-MOTO-CUTIN-001-V030-A3,KOR,MOTO-CUTIN-001,30,A3,P5V2Q-MOTO-CUTIN-001-V030-A3,PRIMARY_SOURCE_SEARCH_PENDING,AI_PREPARED,True
P5V2D-KOR-MOTO-CUTIN-001-V030-A4,KOR,MOTO-CUTIN-001,30,A4,P5V2Q-MOTO-CUTIN-001-V030-A4,PRIMARY_SOURCE_SEARCH_PENDING,AI_PREPARED,True
P5V2D-KOR-MOTO-CUTIN-001-V030-A6,KOR,MOTO-CUTIN-001,30,A6,P5V2Q-MOTO-CUTIN-001-V030-A6,PRIMARY_SOURCE_SEARCH_PENDING,AI_PREPARED,True
P5V2D-KOR-MOTO-CUTIN-001-V050-A0,KOR,MOTO-CUTIN-001,50,A0,P5V2Q-MOTO-CUTIN-001-V050-A0,PRIMARY_SOURCE_SEARCH_PENDING,AI_PREPARED,True
P5V2D-KOR-MOTO-CUTIN-001-V050-A1,KOR,MOTO-CUTIN-001,50,A1,P5V2Q-MOTO-CUTIN-001-V050-A1,PRIMARY_SOURCE_SEARCH_PENDING,AI_PREPARED,True
P5V2D-KOR-MOTO-CUTIN-001-V050-A2,KOR,MOTO-CUTIN-001,50,A2,P5V2Q-MOTO-CUTIN-001-V050-A2,PRIMARY_SOURCE_SEARCH_PENDING,AI_PREPARED,True
P5V2D-KOR-MOTO-CUTIN-001-V050-A3,KOR,MOTO-CUTIN-001,50,A3,P5V2Q-MOTO-CUTIN-001-V050-A3,PRIMARY_SOURCE_SEARCH_PENDING,AI_PREPARED,True
P5V2D-KOR-MOTO-CUTIN-001-V050-A4,KOR,MOTO-CUTIN-001,50,A4,P5V2Q-MOTO-CUTIN-001-V050-A4,PRIMARY_SOURCE_SEARCH_PENDING,AI_PREPARED,True
P5V2D-KOR-MOTO-CUTIN-001-V050-A6,KOR,MOTO-CUTIN-001,50,A6,P5V2Q-MOTO-CUTIN-001-V050-A6,PRIMARY_SOURCE_SEARCH_PENDING,AI_PREPARED,True
P5V2D-MEX-PED-CROSS-001-V030-A0,MEX,PED-CROSS-001,30,A0,P5V2Q-PED-CROSS-001-V030-A0,PRIMARY_SOURCE_SEARCH_PENDING,AI_PREPARED,True
P5V2D-MEX-PED-CROSS-001-V030-A1,MEX,PED-CROSS-001,30,A1,P5V2Q-PED-CROSS-001-V030-A1,PRIMARY_SOURCE_SEARCH_PENDING,AI_PREPARED,True
P5V2D-MEX-PED-CROSS-001-V030-A2,MEX,PED-CROSS-001,30,A2,P5V2Q-PED-CROSS-001-V030-A2,PRIMARY_SOURCE_SEARCH_PENDING,AI_PREPARED,True
P5V2D-MEX-PED-CROSS-001-V030-A3,MEX,PED-CROSS-001,30,A3,P5V2Q-PED-CROSS-001-V030-A3,PRIMARY_SOURCE_SEARCH_PENDING,AI_PREPARED,True
P5V2D-MEX-PED-CROSS-001-V030-A4,MEX,PED-CROSS-001,30,A4,P5V2Q-PED-CROSS-001-V030-A4,PRIMARY_SOURCE_SEARCH_PENDING,AI_PREPARED,True
P5V2D-MEX-PED-CROSS-001-V030-A6,MEX,PED-CROSS-001,30,A6,P5V2Q-PED-CROSS-001-V030-A6,PRIMARY_SOURCE_SEARCH_PENDING,AI_PREPARED,True
P5V2D-MEX-PED-CROSS-001-V050-A0,MEX,PED-CROSS-001,50,A0,P5V2Q-PED-CROSS-001-V050-A0,PRIMARY_SOURCE_SEARCH_PENDING,AI_PREPARED,True
P5V2D-MEX-PED-CROSS-001-V050-A1,MEX,PED-CROSS-001,50,A1,P5V2Q-PED-CROSS-001-V050-A1,PRIMARY_SOURCE_SEARCH_PENDING,AI_PREPARED,True
P5V2D-MEX-PED-CROSS-001-V050-A2,MEX,PED-CROSS-001,50,A2,P5V2Q-PED-CROSS-001-V050-A2,PRIMARY_SOURCE_SEARCH_PENDING,AI_PREPARED,True
P5V2D-MEX-PED-CROSS-001-V050-A3,MEX,PED-CROSS-001,50,A3,P5V2Q-PED-CROSS-001-V050-A3,PRIMARY_SOURCE_SEARCH_PENDING,AI_PREPARED,True
P5V2D-MEX-PED-CROSS-001-V050-A4,MEX,PED-CROSS-001,50,A4,P5V2Q-PED-CROSS-001-V050-A4,PRIMARY_SOURCE_SEARCH_PENDING,AI_PREPARED,True
P5V2D-MEX-PED-CROSS-001-V050-A6,MEX,PED-CROSS-001,50,A6,P5V2Q-PED-CROSS-001-V050-A6,PRIMARY_SOURCE_SEARCH_PENDING,AI_PREPARED,True
P5V2D-MEX-OBS-LANE-001-V030-A0,MEX,OBS-LANE-001,30,A0,P5V2Q-OBS-LANE-001-V030-A0,PRIMARY_SOURCE_SEARCH_PENDING,AI_PREPARED,True
P5V2D-MEX-OBS-LANE-001-V030-A1,MEX,OBS-LANE-001,30,A1,P5V2Q-OBS-LANE-001-V030-A1,PRIMARY_SOURCE_SEARCH_PENDING,AI_PREPARED,True
P5V2D-MEX-OBS-LANE-001-V030-A2,MEX,OBS-LANE-001,30,A2,P5V2Q-OBS-LANE-001-V030-A2,PRIMARY_SOURCE_SEARCH_PENDING,AI_PREPARED,True
P5V2D-MEX-OBS-LANE-001-V030-A3,MEX,OBS-LANE-001,30,A3,P5V2Q-OBS-LANE-001-V030-A3,PRIMARY_SOURCE_SEARCH_PENDING,AI_PREPARED,True
P5V2D-MEX-OBS-LANE-001-V030-A4,MEX,OBS-LANE-001,30,A4,P5V2Q-OBS-LANE-001-V030-A4,PRIMARY_SOURCE_SEARCH_PENDING,AI_PREPARED,True
P5V2D-MEX-OBS-LANE-001-V030-A6,MEX,OBS-LANE-001,30,A6,P5V2Q-OBS-LANE-001-V030-A6,PRIMARY_SOURCE_SEARCH_PENDING,AI_PREPARED,True
P5V2D-MEX-OBS-LANE-001-V050-A0,MEX,OBS-LANE-001,50,A0,P5V2Q-OBS-LANE-001-V050-A0,PRIMARY_SOURCE_SEARCH_PENDING,AI_PREPARED,True
P5V2D-MEX-OBS-LANE-001-V050-A1,MEX,OBS-LANE-001,50,A1,P5V2Q-OBS-LANE-001-V050-A1,PRIMARY_SOURCE_SEARCH_PENDING,AI_PREPARED,True
P5V2D-MEX-OBS-LANE-001-V050-A2,MEX,OBS-LANE-001,50,A2,P5V2Q-OBS-LANE-001-V050-A2,PRIMARY_SOURCE_SEARCH_PENDING,AI_PREPARED,True
P5V2D-MEX-OBS-LANE-001-V050-A3,MEX,OBS-LANE-001,50,A3,P5V2Q-OBS-LANE-001-V050-A3,PRIMARY_SOURCE_SEARCH_PENDING,AI_PREPARED,True
P5V2D-MEX-OBS-LANE-001-V050-A4,MEX,OBS-LANE-001,50,A4,P5V2Q-OBS-LANE-001-V050-A4,PRIMARY_SOURCE_SEARCH_PENDING,AI_PREPARED,True
P5V2D-MEX-OBS-LANE-001-V050-A6,MEX,OBS-LANE-001,50,A6,P5V2Q-OBS-LANE-001-V050-A6,PRIMARY_SOURCE_SEARCH_PENDING,AI_PREPARED,True
P5V2D-MEX-MOTO-CUTIN-001-V030-A0,MEX,MOTO-CUTIN-001,30,A0,P5V2Q-MOTO-CUTIN-001-V030-A0,PRIMARY_SOURCE_SEARCH_PENDING,AI_PREPARED,True
P5V2D-MEX-MOTO-CUTIN-001-V030-A1,MEX,MOTO-CUTIN-001,30,A1,P5V2Q-MOTO-CUTIN-001-V030-A1,PRIMARY_SOURCE_SEARCH_PENDING,AI_PREPARED,True
P5V2D-MEX-MOTO-CUTIN-001-V030-A2,MEX,MOTO-CUTIN-001,30,A2,P5V2Q-MOTO-CUTIN-001-V030-A2,PRIMARY_SOURCE_SEARCH_PENDING,AI_PREPARED,True
P5V2D-MEX-MOTO-CUTIN-001-V030-A3,MEX,MOTO-CUTIN-001,30,A3,P5V2Q-MOTO-CUTIN-001-V030-A3,PRIMARY_SOURCE_SEARCH_PENDING,AI_PREPARED,True
P5V2D-MEX-MOTO-CUTIN-001-V030-A4,MEX,MOTO-CUTIN-001,30,A4,P5V2Q-MOTO-CUTIN-001-V030-A4,PRIMARY_SOURCE_SEARCH_PENDING,AI_PREPARED,True
P5V2D-MEX-MOTO-CUTIN-001-V030-A6,MEX,MOTO-CUTIN-001,30,A6,P5V2Q-MOTO-CUTIN-001-V030-A6,PRIMARY_SOURCE_SEARCH_PENDING,AI_PREPARED,True
P5V2D-MEX-MOTO-CUTIN-001-V050-A0,MEX,MOTO-CUTIN-001,50,A0,P5V2Q-MOTO-CUTIN-001-V050-A0,PRIMARY_SOURCE_SEARCH_PENDING,AI_PREPARED,True
P5V2D-MEX-MOTO-CUTIN-001-V050-A1,MEX,MOTO-CUTIN-001,50,A1,P5V2Q-MOTO-CUTIN-001-V050-A1,PRIMARY_SOURCE_SEARCH_PENDING,AI_PREPARED,True
P5V2D-MEX-MOTO-CUTIN-001-V050-A2,MEX,MOTO-CUTIN-001,50,A2,P5V2Q-MOTO-CUTIN-001-V050-A2,PRIMARY_SOURCE_SEARCH_PENDING,AI_PREPARED,True
P5V2D-MEX-MOTO-CUTIN-001-V050-A3,MEX,MOTO-CUTIN-001,50,A3,P5V2Q-MOTO-CUTIN-001-V050-A3,PRIMARY_SOURCE_SEARCH_PENDING,AI_PREPARED,True
P5V2D-MEX-MOTO-CUTIN-001-V050-A4,MEX,MOTO-CUTIN-001,50,A4,P5V2Q-MOTO-CUTIN-001-V050-A4,PRIMARY_SOURCE_SEARCH_PENDING,AI_PREPARED,True
P5V2D-MEX-MOTO-CUTIN-001-V050-A6,MEX,MOTO-CUTIN-001,50,A6,P5V2Q-MOTO-CUTIN-001-V050-A6,PRIMARY_SOURCE_SEARCH_PENDING,AI_PREPARED,True
P5V2D-NGA-PED-CROSS-001-V030-A0,NGA,PED-CROSS-001,30,A0,P5V2Q-PED-CROSS-001-V030-A0,PRIMARY_SOURCE_SEARCH_PENDING,AI_PREPARED,True
P5V2D-NGA-PED-CROSS-001-V030-A1,NGA,PED-CROSS-001,30,A1,P5V2Q-PED-CROSS-001-V030-A1,PRIMARY_SOURCE_SEARCH_PENDING,AI_PREPARED,True
P5V2D-NGA-PED-CROSS-001-V030-A2,NGA,PED-CROSS-001,30,A2,P5V2Q-PED-CROSS-001-V030-A2,PRIMARY_SOURCE_SEARCH_PENDING,AI_PREPARED,True
P5V2D-NGA-PED-CROSS-001-V030-A3,NGA,PED-CROSS-001,30,A3,P5V2Q-PED-CROSS-001-V030-A3,PRIMARY_SOURCE_SEARCH_PENDING,AI_PREPARED,True
P5V2D-NGA-PED-CROSS-001-V030-A4,NGA,PED-CROSS-001,30,A4,P5V2Q-PED-CROSS-001-V030-A4,PRIMARY_SOURCE_SEARCH_PENDING,AI_PREPARED,True
P5V2D-NGA-PED-CROSS-001-V030-A6,NGA,PED-CROSS-001,30,A6,P5V2Q-PED-CROSS-001-V030-A6,PRIMARY_SOURCE_SEARCH_PENDING,AI_PREPARED,True
P5V2D-NGA-PED-CROSS-001-V050-A0,NGA,PED-CROSS-001,50,A0,P5V2Q-PED-CROSS-001-V050-A0,PRIMARY_SOURCE_SEARCH_PENDING,AI_PREPARED,True
P5V2D-NGA-PED-CROSS-001-V050-A1,NGA,PED-CROSS-001,50,A1,P5V2Q-PED-CROSS-001-V050-A1,PRIMARY_SOURCE_SEARCH_PENDING,AI_PREPARED,True
P5V2D-NGA-PED-CROSS-001-V050-A2,NGA,PED-CROSS-001,50,A2,P5V2Q-PED-CROSS-001-V050-A2,PRIMARY_SOURCE_SEARCH_PENDING,AI_PREPARED,True
P5V2D-NGA-PED-CROSS-001-V050-A3,NGA,PED-CROSS-001,50,A3,P5V2Q-PED-CROSS-001-V050-A3,PRIMARY_SOURCE_SEARCH_PENDING,AI_PREPARED,True
P5V2D-NGA-PED-CROSS-001-V050-A4,NGA,PED-CROSS-001,50,A4,P5V2Q-PED-CROSS-001-V050-A4,PRIMARY_SOURCE_SEARCH_PENDING,AI_PREPARED,True
P5V2D-NGA-PED-CROSS-001-V050-A6,NGA,PED-CROSS-001,50,A6,P5V2Q-PED-CROSS-001-V050-A6,PRIMARY_SOURCE_SEARCH_PENDING,AI_PREPARED,True
P5V2D-NGA-OBS-LANE-001-V030-A0,NGA,OBS-LANE-001,30,A0,P5V2Q-OBS-LANE-001-V030-A0,PRIMARY_SOURCE_SEARCH_PENDING,AI_PREPARED,True
P5V2D-NGA-OBS-LANE-001-V030-A1,NGA,OBS-LANE-001,30,A1,P5V2Q-OBS-LANE-001-V030-A1,PRIMARY_SOURCE_SEARCH_PENDING,AI_PREPARED,True
P5V2D-NGA-OBS-LANE-001-V030-A2,NGA,OBS-LANE-001,30,A2,P5V2Q-OBS-LANE-001-V030-A2,PRIMARY_SOURCE_SEARCH_PENDING,AI_PREPARED,True
P5V2D-NGA-OBS-LANE-001-V030-A3,NGA,OBS-LANE-001,30,A3,P5V2Q-OBS-LANE-001-V030-A3,PRIMARY_SOURCE_SEARCH_PENDING,AI_PREPARED,True
P5V2D-NGA-OBS-LANE-001-V030-A4,NGA,OBS-LANE-001,30,A4,P5V2Q-OBS-LANE-001-V030-A4,PRIMARY_SOURCE_SEARCH_PENDING,AI_PREPARED,True
P5V2D-NGA-OBS-LANE-001-V030-A6,NGA,OBS-LANE-001,30,A6,P5V2Q-OBS-LANE-001-V030-A6,PRIMARY_SOURCE_SEARCH_PENDING,AI_PREPARED,True
P5V2D-NGA-OBS-LANE-001-V050-A0,NGA,OBS-LANE-001,50,A0,P5V2Q-OBS-LANE-001-V050-A0,PRIMARY_SOURCE_SEARCH_PENDING,AI_PREPARED,True
P5V2D-NGA-OBS-LANE-001-V050-A1,NGA,OBS-LANE-001,50,A1,P5V2Q-OBS-LANE-001-V050-A1,PRIMARY_SOURCE_SEARCH_PENDING,AI_PREPARED,True
P5V2D-NGA-OBS-LANE-001-V050-A2,NGA,OBS-LANE-001,50,A2,P5V2Q-OBS-LANE-001-V050-A2,PRIMARY_SOURCE_SEARCH_PENDING,AI_PREPARED,True
P5V2D-NGA-OBS-LANE-001-V050-A3,NGA,OBS-LANE-001,50,A3,P5V2Q-OBS-LANE-001-V050-A3,PRIMARY_SOURCE_SEARCH_PENDING,AI_PREPARED,True
P5V2D-NGA-OBS-LANE-001-V050-A4,NGA,OBS-LANE-001,50,A4,P5V2Q-OBS-LANE-001-V050-A4,PRIMARY_SOURCE_SEARCH_PENDING,AI_PREPARED,True
P5V2D-NGA-OBS-LANE-001-V050-A6,NGA,OBS-LANE-001,50,A6,P5V2Q-OBS-LANE-001-V050-A6,PRIMARY_SOURCE_SEARCH_PENDING,AI_PREPARED,True
P5V2D-NGA-MOTO-CUTIN-001-V030-A0,NGA,MOTO-CUTIN-001,30,A0,P5V2Q-MOTO-CUTIN-001-V030-A0,PRIMARY_SOURCE_SEARCH_PENDING,AI_PREPARED,True
P5V2D-NGA-MOTO-CUTIN-001-V030-A1,NGA,MOTO-CUTIN-001,30,A1,P5V2Q-MOTO-CUTIN-001-V030-A1,PRIMARY_SOURCE_SEARCH_PENDING,AI_PREPARED,True
P5V2D-NGA-MOTO-CUTIN-001-V030-A2,NGA,MOTO-CUTIN-001,30,A2,P5V2Q-MOTO-CUTIN-001-V030-A2,PRIMARY_SOURCE_SEARCH_PENDING,AI_PREPARED,True
P5V2D-NGA-MOTO-CUTIN-001-V030-A3,NGA,MOTO-CUTIN-001,30,A3,P5V2Q-MOTO-CUTIN-001-V030-A3,PRIMARY_SOURCE_SEARCH_PENDING,AI_PREPARED,True
P5V2D-NGA-MOTO-CUTIN-001-V030-A4,NGA,MOTO-CUTIN-001,30,A4,P5V2Q-MOTO-CUTIN-001-V030-A4,PRIMARY_SOURCE_SEARCH_PENDING,AI_PREPARED,True
P5V2D-NGA-MOTO-CUTIN-001-V030-A6,NGA,MOTO-CUTIN-001,30,A6,P5V2Q-MOTO-CUTIN-001-V030-A6,PRIMARY_SOURCE_SEARCH_PENDING,AI_PREPARED,True
P5V2D-NGA-MOTO-CUTIN-001-V050-A0,NGA,MOTO-CUTIN-001,50,A0,P5V2Q-MOTO-CUTIN-001-V050-A0,PRIMARY_SOURCE_SEARCH_PENDING,AI_PREPARED,True
P5V2D-NGA-MOTO-CUTIN-001-V050-A1,NGA,MOTO-CUTIN-001,50,A1,P5V2Q-MOTO-CUTIN-001-V050-A1,PRIMARY_SOURCE_SEARCH_PENDING,AI_PREPARED,True
P5V2D-NGA-MOTO-CUTIN-001-V050-A2,NGA,MOTO-CUTIN-001,50,A2,P5V2Q-MOTO-CUTIN-001-V050-A2,PRIMARY_SOURCE_SEARCH_PENDING,AI_PREPARED,True
P5V2D-NGA-MOTO-CUTIN-001-V050-A3,NGA,MOTO-CUTIN-001,50,A3,P5V2Q-MOTO-CUTIN-001-V050-A3,PRIMARY_SOURCE_SEARCH_PENDING,AI_PREPARED,True
P5V2D-NGA-MOTO-CUTIN-001-V050-A4,NGA,MOTO-CUTIN-001,50,A4,P5V2Q-MOTO-CUTIN-001-V050-A4,PRIMARY_SOURCE_SEARCH_PENDING,AI_PREPARED,True
P5V2D-NGA-MOTO-CUTIN-001-V050-A6,NGA,MOTO-CUTIN-001,50,A6,P5V2Q-MOTO-CUTIN-001-V050-A6,PRIMARY_SOURCE_SEARCH_PENDING,AI_PREPARED,True
P5V2D-NZL-PED-CROSS-001-V030-A0,NZL,PED-CROSS-001,30,A0,P5V2Q-PED-CROSS-001-V030-A0,PRIMARY_SOURCE_SEARCH_PENDING,AI_PREPARED,True
P5V2D-NZL-PED-CROSS-001-V030-A1,NZL,PED-CROSS-001,30,A1,P5V2Q-PED-CROSS-001-V030-A1,PRIMARY_SOURCE_SEARCH_PENDING,AI_PREPARED,True
P5V2D-NZL-PED-CROSS-001-V030-A2,NZL,PED-CROSS-001,30,A2,P5V2Q-PED-CROSS-001-V030-A2,PRIMARY_SOURCE_SEARCH_PENDING,AI_PREPARED,True
P5V2D-NZL-PED-CROSS-001-V030-A3,NZL,PED-CROSS-001,30,A3,P5V2Q-PED-CROSS-001-V030-A3,PRIMARY_SOURCE_SEARCH_PENDING,AI_PREPARED,True
P5V2D-NZL-PED-CROSS-001-V030-A4,NZL,PED-CROSS-001,30,A4,P5V2Q-PED-CROSS-001-V030-A4,PRIMARY_SOURCE_SEARCH_PENDING,AI_PREPARED,True
P5V2D-NZL-PED-CROSS-001-V030-A6,NZL,PED-CROSS-001,30,A6,P5V2Q-PED-CROSS-001-V030-A6,PRIMARY_SOURCE_SEARCH_PENDING,AI_PREPARED,True
P5V2D-NZL-PED-CROSS-001-V050-A0,NZL,PED-CROSS-001,50,A0,P5V2Q-PED-CROSS-001-V050-A0,PRIMARY_SOURCE_SEARCH_PENDING,AI_PREPARED,True
P5V2D-NZL-PED-CROSS-001-V050-A1,NZL,PED-CROSS-001,50,A1,P5V2Q-PED-CROSS-001-V050-A1,PRIMARY_SOURCE_SEARCH_PENDING,AI_PREPARED,True
P5V2D-NZL-PED-CROSS-001-V050-A2,NZL,PED-CROSS-001,50,A2,P5V2Q-PED-CROSS-001-V050-A2,PRIMARY_SOURCE_SEARCH_PENDING,AI_PREPARED,True
P5V2D-NZL-PED-CROSS-001-V050-A3,NZL,PED-CROSS-001,50,A3,P5V2Q-PED-CROSS-001-V050-A3,PRIMARY_SOURCE_SEARCH_PENDING,AI_PREPARED,True
P5V2D-NZL-PED-CROSS-001-V050-A4,NZL,PED-CROSS-001,50,A4,P5V2Q-PED-CROSS-001-V050-A4,PRIMARY_SOURCE_SEARCH_PENDING,AI_PREPARED,True
P5V2D-NZL-PED-CROSS-001-V050-A6,NZL,PED-CROSS-001,50,A6,P5V2Q-PED-CROSS-001-V050-A6,PRIMARY_SOURCE_SEARCH_PENDING,AI_PREPARED,True
P5V2D-NZL-OBS-LANE-001-V030-A0,NZL,OBS-LANE-001,30,A0,P5V2Q-OBS-LANE-001-V030-A0,PRIMARY_SOURCE_SEARCH_PENDING,AI_PREPARED,True
P5V2D-NZL-OBS-LANE-001-V030-A1,NZL,OBS-LANE-001,30,A1,P5V2Q-OBS-LANE-001-V030-A1,PRIMARY_SOURCE_SEARCH_PENDING,AI_PREPARED,True
P5V2D-NZL-OBS-LANE-001-V030-A2,NZL,OBS-LANE-001,30,A2,P5V2Q-OBS-LANE-001-V030-A2,PRIMARY_SOURCE_SEARCH_PENDING,AI_PREPARED,True
P5V2D-NZL-OBS-LANE-001-V030-A3,NZL,OBS-LANE-001,30,A3,P5V2Q-OBS-LANE-001-V030-A3,PRIMARY_SOURCE_SEARCH_PENDING,AI_PREPARED,True
P5V2D-NZL-OBS-LANE-001-V030-A4,NZL,OBS-LANE-001,30,A4,P5V2Q-OBS-LANE-001-V030-A4,PRIMARY_SOURCE_SEARCH_PENDING,AI_PREPARED,True
P5V2D-NZL-OBS-LANE-001-V030-A6,NZL,OBS-LANE-001,30,A6,P5V2Q-OBS-LANE-001-V030-A6,PRIMARY_SOURCE_SEARCH_PENDING,AI_PREPARED,True
P5V2D-NZL-OBS-LANE-001-V050-A0,NZL,OBS-LANE-001,50,A0,P5V2Q-OBS-LANE-001-V050-A0,PRIMARY_SOURCE_SEARCH_PENDING,AI_PREPARED,True
P5V2D-NZL-OBS-LANE-001-V050-A1,NZL,OBS-LANE-001,50,A1,P5V2Q-OBS-LANE-001-V050-A1,PRIMARY_SOURCE_SEARCH_PENDING,AI_PREPARED,True
P5V2D-NZL-OBS-LANE-001-V050-A2,NZL,OBS-LANE-001,50,A2,P5V2Q-OBS-LANE-001-V050-A2,PRIMARY_SOURCE_SEARCH_PENDING,AI_PREPARED,True
P5V2D-NZL-OBS-LANE-001-V050-A3,NZL,OBS-LANE-001,50,A3,P5V2Q-OBS-LANE-001-V050-A3,PRIMARY_SOURCE_SEARCH_PENDING,AI_PREPARED,True
P5V2D-NZL-OBS-LANE-001-V050-A4,NZL,OBS-LANE-001,50,A4,P5V2Q-OBS-LANE-001-V050-A4,PRIMARY_SOURCE_SEARCH_PENDING,AI_PREPARED,True
P5V2D-NZL-OBS-LANE-001-V050-A6,NZL,OBS-LANE-001,50,A6,P5V2Q-OBS-LANE-001-V050-A6,PRIMARY_SOURCE_SEARCH_PENDING,AI_PREPARED,True
P5V2D-NZL-MOTO-CUTIN-001-V030-A0,NZL,MOTO-CUTIN-001,30,A0,P5V2Q-MOTO-CUTIN-001-V030-A0,PRIMARY_SOURCE_SEARCH_PENDING,AI_PREPARED,True
P5V2D-NZL-MOTO-CUTIN-001-V030-A1,NZL,MOTO-CUTIN-001,30,A1,P5V2Q-MOTO-CUTIN-001-V030-A1,PRIMARY_SOURCE_SEARCH_PENDING,AI_PREPARED,True
P5V2D-NZL-MOTO-CUTIN-001-V030-A2,NZL,MOTO-CUTIN-001,30,A2,P5V2Q-MOTO-CUTIN-001-V030-A2,PRIMARY_SOURCE_SEARCH_PENDING,AI_PREPARED,True
P5V2D-NZL-MOTO-CUTIN-001-V030-A3,NZL,MOTO-CUTIN-001,30,A3,P5V2Q-MOTO-CUTIN-001-V030-A3,PRIMARY_SOURCE_SEARCH_PENDING,AI_PREPARED,True
P5V2D-NZL-MOTO-CUTIN-001-V030-A4,NZL,MOTO-CUTIN-001,30,A4,P5V2Q-MOTO-CUTIN-001-V030-A4,PRIMARY_SOURCE_SEARCH_PENDING,AI_PREPARED,True
P5V2D-NZL-MOTO-CUTIN-001-V030-A6,NZL,MOTO-CUTIN-001,30,A6,P5V2Q-MOTO-CUTIN-001-V030-A6,PRIMARY_SOURCE_SEARCH_PENDING,AI_PREPARED,True
P5V2D-NZL-MOTO-CUTIN-001-V050-A0,NZL,MOTO-CUTIN-001,50,A0,P5V2Q-MOTO-CUTIN-001-V050-A0,PRIMARY_SOURCE_SEARCH_PENDING,AI_PREPARED,True
P5V2D-NZL-MOTO-CUTIN-001-V050-A1,NZL,MOTO-CUTIN-001,50,A1,P5V2Q-MOTO-CUTIN-001-V050-A1,PRIMARY_SOURCE_SEARCH_PENDING,AI_PREPARED,True
P5V2D-NZL-MOTO-CUTIN-001-V050-A2,NZL,MOTO-CUTIN-001,50,A2,P5V2Q-MOTO-CUTIN-001-V050-A2,PRIMARY_SOURCE_SEARCH_PENDING,AI_PREPARED,True
P5V2D-NZL-MOTO-CUTIN-001-V050-A3,NZL,MOTO-CUTIN-001,50,A3,P5V2Q-MOTO-CUTIN-001-V050-A3,PRIMARY_SOURCE_SEARCH_PENDING,AI_PREPARED,True
P5V2D-NZL-MOTO-CUTIN-001-V050-A4,NZL,MOTO-CUTIN-001,50,A4,P5V2Q-MOTO-CUTIN-001-V050-A4,PRIMARY_SOURCE_SEARCH_PENDING,AI_PREPARED,True
P5V2D-NZL-MOTO-CUTIN-001-V050-A6,NZL,MOTO-CUTIN-001,50,A6,P5V2Q-MOTO-CUTIN-001-V050-A6,PRIMARY_SOURCE_SEARCH_PENDING,AI_PREPARED,True
P5V2D-PHL-PED-CROSS-001-V030-A0,PHL,PED-CROSS-001,30,A0,P5V2Q-PED-CROSS-001-V030-A0,PRIMARY_SOURCE_SEARCH_PENDING,AI_PREPARED,True
P5V2D-PHL-PED-CROSS-001-V030-A1,PHL,PED-CROSS-001,30,A1,P5V2Q-PED-CROSS-001-V030-A1,PRIMARY_SOURCE_SEARCH_PENDING,AI_PREPARED,True
P5V2D-PHL-PED-CROSS-001-V030-A2,PHL,PED-CROSS-001,30,A2,P5V2Q-PED-CROSS-001-V030-A2,PRIMARY_SOURCE_SEARCH_PENDING,AI_PREPARED,True
P5V2D-PHL-PED-CROSS-001-V030-A3,PHL,PED-CROSS-001,30,A3,P5V2Q-PED-CROSS-001-V030-A3,PRIMARY_SOURCE_SEARCH_PENDING,AI_PREPARED,True
P5V2D-PHL-PED-CROSS-001-V030-A4,PHL,PED-CROSS-001,30,A4,P5V2Q-PED-CROSS-001-V030-A4,PRIMARY_SOURCE_SEARCH_PENDING,AI_PREPARED,True
P5V2D-PHL-PED-CROSS-001-V030-A6,PHL,PED-CROSS-001,30,A6,P5V2Q-PED-CROSS-001-V030-A6,PRIMARY_SOURCE_SEARCH_PENDING,AI_PREPARED,True
P5V2D-PHL-PED-CROSS-001-V050-A0,PHL,PED-CROSS-001,50,A0,P5V2Q-PED-CROSS-001-V050-A0,PRIMARY_SOURCE_SEARCH_PENDING,AI_PREPARED,True
P5V2D-PHL-PED-CROSS-001-V050-A1,PHL,PED-CROSS-001,50,A1,P5V2Q-PED-CROSS-001-V050-A1,PRIMARY_SOURCE_SEARCH_PENDING,AI_PREPARED,True
P5V2D-PHL-PED-CROSS-001-V050-A2,PHL,PED-CROSS-001,50,A2,P5V2Q-PED-CROSS-001-V050-A2,PRIMARY_SOURCE_SEARCH_PENDING,AI_PREPARED,True
P5V2D-PHL-PED-CROSS-001-V050-A3,PHL,PED-CROSS-001,50,A3,P5V2Q-PED-CROSS-001-V050-A3,PRIMARY_SOURCE_SEARCH_PENDING,AI_PREPARED,True
P5V2D-PHL-PED-CROSS-001-V050-A4,PHL,PED-CROSS-001,50,A4,P5V2Q-PED-CROSS-001-V050-A4,PRIMARY_SOURCE_SEARCH_PENDING,AI_PREPARED,True
P5V2D-PHL-PED-CROSS-001-V050-A6,PHL,PED-CROSS-001,50,A6,P5V2Q-PED-CROSS-001-V050-A6,PRIMARY_SOURCE_SEARCH_PENDING,AI_PREPARED,True
P5V2D-PHL-OBS-LANE-001-V030-A0,PHL,OBS-LANE-001,30,A0,P5V2Q-OBS-LANE-001-V030-A0,PRIMARY_SOURCE_SEARCH_PENDING,AI_PREPARED,True
P5V2D-PHL-OBS-LANE-001-V030-A1,PHL,OBS-LANE-001,30,A1,P5V2Q-OBS-LANE-001-V030-A1,PRIMARY_SOURCE_SEARCH_PENDING,AI_PREPARED,True
P5V2D-PHL-OBS-LANE-001-V030-A2,PHL,OBS-LANE-001,30,A2,P5V2Q-OBS-LANE-001-V030-A2,PRIMARY_SOURCE_SEARCH_PENDING,AI_PREPARED,True
P5V2D-PHL-OBS-LANE-001-V030-A3,PHL,OBS-LANE-001,30,A3,P5V2Q-OBS-LANE-001-V030-A3,PRIMARY_SOURCE_SEARCH_PENDING,AI_PREPARED,True
P5V2D-PHL-OBS-LANE-001-V030-A4,PHL,OBS-LANE-001,30,A4,P5V2Q-OBS-LANE-001-V030-A4,PRIMARY_SOURCE_SEARCH_PENDING,AI_PREPARED,True
P5V2D-PHL-OBS-LANE-001-V030-A6,PHL,OBS-LANE-001,30,A6,P5V2Q-OBS-LANE-001-V030-A6,PRIMARY_SOURCE_SEARCH_PENDING,AI_PREPARED,True
P5V2D-PHL-OBS-LANE-001-V050-A0,PHL,OBS-LANE-001,50,A0,P5V2Q-OBS-LANE-001-V050-A0,PRIMARY_SOURCE_SEARCH_PENDING,AI_PREPARED,True
P5V2D-PHL-OBS-LANE-001-V050-A1,PHL,OBS-LANE-001,50,A1,P5V2Q-OBS-LANE-001-V050-A1,PRIMARY_SOURCE_SEARCH_PENDING,AI_PREPARED,True
P5V2D-PHL-OBS-LANE-001-V050-A2,PHL,OBS-LANE-001,50,A2,P5V2Q-OBS-LANE-001-V050-A2,PRIMARY_SOURCE_SEARCH_PENDING,AI_PREPARED,True
P5V2D-PHL-OBS-LANE-001-V050-A3,PHL,OBS-LANE-001,50,A3,P5V2Q-OBS-LANE-001-V050-A3,PRIMARY_SOURCE_SEARCH_PENDING,AI_PREPARED,True
P5V2D-PHL-OBS-LANE-001-V050-A4,PHL,OBS-LANE-001,50,A4,P5V2Q-OBS-LANE-001-V050-A4,PRIMARY_SOURCE_SEARCH_PENDING,AI_PREPARED,True
P5V2D-PHL-OBS-LANE-001-V050-A6,PHL,OBS-LANE-001,50,A6,P5V2Q-OBS-LANE-001-V050-A6,PRIMARY_SOURCE_SEARCH_PENDING,AI_PREPARED,True
P5V2D-PHL-MOTO-CUTIN-001-V030-A0,PHL,MOTO-CUTIN-001,30,A0,P5V2Q-MOTO-CUTIN-001-V030-A0,PRIMARY_SOURCE_SEARCH_PENDING,AI_PREPARED,True
P5V2D-PHL-MOTO-CUTIN-001-V030-A1,PHL,MOTO-CUTIN-001,30,A1,P5V2Q-MOTO-CUTIN-001-V030-A1,PRIMARY_SOURCE_SEARCH_PENDING,AI_PREPARED,True
P5V2D-PHL-MOTO-CUTIN-001-V030-A2,PHL,MOTO-CUTIN-001,30,A2,P5V2Q-MOTO-CUTIN-001-V030-A2,PRIMARY_SOURCE_SEARCH_PENDING,AI_PREPARED,True
P5V2D-PHL-MOTO-CUTIN-001-V030-A3,PHL,MOTO-CUTIN-001,30,A3,P5V2Q-MOTO-CUTIN-001-V030-A3,PRIMARY_SOURCE_SEARCH_PENDING,AI_PREPARED,True
P5V2D-PHL-MOTO-CUTIN-001-V030-A4,PHL,MOTO-CUTIN-001,30,A4,P5V2Q-MOTO-CUTIN-001-V030-A4,PRIMARY_SOURCE_SEARCH_PENDING,AI_PREPARED,True
P5V2D-PHL-MOTO-CUTIN-001-V030-A6,PHL,MOTO-CUTIN-001,30,A6,P5V2Q-MOTO-CUTIN-001-V030-A6,PRIMARY_SOURCE_SEARCH_PENDING,AI_PREPARED,True
P5V2D-PHL-MOTO-CUTIN-001-V050-A0,PHL,MOTO-CUTIN-001,50,A0,P5V2Q-MOTO-CUTIN-001-V050-A0,PRIMARY_SOURCE_SEARCH_PENDING,AI_PREPARED,True
P5V2D-PHL-MOTO-CUTIN-001-V050-A1,PHL,MOTO-CUTIN-001,50,A1,P5V2Q-MOTO-CUTIN-001-V050-A1,PRIMARY_SOURCE_SEARCH_PENDING,AI_PREPARED,True
P5V2D-PHL-MOTO-CUTIN-001-V050-A2,PHL,MOTO-CUTIN-001,50,A2,P5V2Q-MOTO-CUTIN-001-V050-A2,PRIMARY_SOURCE_SEARCH_PENDING,AI_PREPARED,True
P5V2D-PHL-MOTO-CUTIN-001-V050-A3,PHL,MOTO-CUTIN-001,50,A3,P5V2Q-MOTO-CUTIN-001-V050-A3,PRIMARY_SOURCE_SEARCH_PENDING,AI_PREPARED,True
P5V2D-PHL-MOTO-CUTIN-001-V050-A4,PHL,MOTO-CUTIN-001,50,A4,P5V2Q-MOTO-CUTIN-001-V050-A4,PRIMARY_SOURCE_SEARCH_PENDING,AI_PREPARED,True
P5V2D-PHL-MOTO-CUTIN-001-V050-A6,PHL,MOTO-CUTIN-001,50,A6,P5V2Q-MOTO-CUTIN-001-V050-A6,PRIMARY_SOURCE_SEARCH_PENDING,AI_PREPARED,True
P5V2D-SGP-PED-CROSS-001-V030-A0,SGP,PED-CROSS-001,30,A0,P5V2Q-PED-CROSS-001-V030-A0,PRIMARY_SOURCE_SEARCH_PENDING,AI_PREPARED,True
P5V2D-SGP-PED-CROSS-001-V030-A1,SGP,PED-CROSS-001,30,A1,P5V2Q-PED-CROSS-001-V030-A1,PRIMARY_SOURCE_SEARCH_PENDING,AI_PREPARED,True
P5V2D-SGP-PED-CROSS-001-V030-A2,SGP,PED-CROSS-001,30,A2,P5V2Q-PED-CROSS-001-V030-A2,PRIMARY_SOURCE_SEARCH_PENDING,AI_PREPARED,True
P5V2D-SGP-PED-CROSS-001-V030-A3,SGP,PED-CROSS-001,30,A3,P5V2Q-PED-CROSS-001-V030-A3,PRIMARY_SOURCE_SEARCH_PENDING,AI_PREPARED,True
P5V2D-SGP-PED-CROSS-001-V030-A4,SGP,PED-CROSS-001,30,A4,P5V2Q-PED-CROSS-001-V030-A4,PRIMARY_SOURCE_SEARCH_PENDING,AI_PREPARED,True
P5V2D-SGP-PED-CROSS-001-V030-A6,SGP,PED-CROSS-001,30,A6,P5V2Q-PED-CROSS-001-V030-A6,PRIMARY_SOURCE_SEARCH_PENDING,AI_PREPARED,True
P5V2D-SGP-PED-CROSS-001-V050-A0,SGP,PED-CROSS-001,50,A0,P5V2Q-PED-CROSS-001-V050-A0,PRIMARY_SOURCE_SEARCH_PENDING,AI_PREPARED,True
P5V2D-SGP-PED-CROSS-001-V050-A1,SGP,PED-CROSS-001,50,A1,P5V2Q-PED-CROSS-001-V050-A1,PRIMARY_SOURCE_SEARCH_PENDING,AI_PREPARED,True
P5V2D-SGP-PED-CROSS-001-V050-A2,SGP,PED-CROSS-001,50,A2,P5V2Q-PED-CROSS-001-V050-A2,PRIMARY_SOURCE_SEARCH_PENDING,AI_PREPARED,True
P5V2D-SGP-PED-CROSS-001-V050-A3,SGP,PED-CROSS-001,50,A3,P5V2Q-PED-CROSS-001-V050-A3,PRIMARY_SOURCE_SEARCH_PENDING,AI_PREPARED,True
P5V2D-SGP-PED-CROSS-001-V050-A4,SGP,PED-CROSS-001,50,A4,P5V2Q-PED-CROSS-001-V050-A4,PRIMARY_SOURCE_SEARCH_PENDING,AI_PREPARED,True
P5V2D-SGP-PED-CROSS-001-V050-A6,SGP,PED-CROSS-001,50,A6,P5V2Q-PED-CROSS-001-V050-A6,PRIMARY_SOURCE_SEARCH_PENDING,AI_PREPARED,True
P5V2D-SGP-OBS-LANE-001-V030-A0,SGP,OBS-LANE-001,30,A0,P5V2Q-OBS-LANE-001-V030-A0,PRIMARY_SOURCE_SEARCH_PENDING,AI_PREPARED,True
P5V2D-SGP-OBS-LANE-001-V030-A1,SGP,OBS-LANE-001,30,A1,P5V2Q-OBS-LANE-001-V030-A1,PRIMARY_SOURCE_SEARCH_PENDING,AI_PREPARED,True
P5V2D-SGP-OBS-LANE-001-V030-A2,SGP,OBS-LANE-001,30,A2,P5V2Q-OBS-LANE-001-V030-A2,PRIMARY_SOURCE_SEARCH_PENDING,AI_PREPARED,True
P5V2D-SGP-OBS-LANE-001-V030-A3,SGP,OBS-LANE-001,30,A3,P5V2Q-OBS-LANE-001-V030-A3,PRIMARY_SOURCE_SEARCH_PENDING,AI_PREPARED,True
P5V2D-SGP-OBS-LANE-001-V030-A4,SGP,OBS-LANE-001,30,A4,P5V2Q-OBS-LANE-001-V030-A4,PRIMARY_SOURCE_SEARCH_PENDING,AI_PREPARED,True
P5V2D-SGP-OBS-LANE-001-V030-A6,SGP,OBS-LANE-001,30,A6,P5V2Q-OBS-LANE-001-V030-A6,PRIMARY_SOURCE_SEARCH_PENDING,AI_PREPARED,True
P5V2D-SGP-OBS-LANE-001-V050-A0,SGP,OBS-LANE-001,50,A0,P5V2Q-OBS-LANE-001-V050-A0,PRIMARY_SOURCE_SEARCH_PENDING,AI_PREPARED,True
P5V2D-SGP-OBS-LANE-001-V050-A1,SGP,OBS-LANE-001,50,A1,P5V2Q-OBS-LANE-001-V050-A1,PRIMARY_SOURCE_SEARCH_PENDING,AI_PREPARED,True
P5V2D-SGP-OBS-LANE-001-V050-A2,SGP,OBS-LANE-001,50,A2,P5V2Q-OBS-LANE-001-V050-A2,PRIMARY_SOURCE_SEARCH_PENDING,AI_PREPARED,True
P5V2D-SGP-OBS-LANE-001-V050-A3,SGP,OBS-LANE-001,50,A3,P5V2Q-OBS-LANE-001-V050-A3,PRIMARY_SOURCE_SEARCH_PENDING,AI_PREPARED,True
P5V2D-SGP-OBS-LANE-001-V050-A4,SGP,OBS-LANE-001,50,A4,P5V2Q-OBS-LANE-001-V050-A4,PRIMARY_SOURCE_SEARCH_PENDING,AI_PREPARED,True
P5V2D-SGP-OBS-LANE-001-V050-A6,SGP,OBS-LANE-001,50,A6,P5V2Q-OBS-LANE-001-V050-A6,PRIMARY_SOURCE_SEARCH_PENDING,AI_PREPARED,True
P5V2D-SGP-MOTO-CUTIN-001-V030-A0,SGP,MOTO-CUTIN-001,30,A0,P5V2Q-MOTO-CUTIN-001-V030-A0,PRIMARY_SOURCE_SEARCH_PENDING,AI_PREPARED,True
P5V2D-SGP-MOTO-CUTIN-001-V030-A1,SGP,MOTO-CUTIN-001,30,A1,P5V2Q-MOTO-CUTIN-001-V030-A1,PRIMARY_SOURCE_SEARCH_PENDING,AI_PREPARED,True
P5V2D-SGP-MOTO-CUTIN-001-V030-A2,SGP,MOTO-CUTIN-001,30,A2,P5V2Q-MOTO-CUTIN-001-V030-A2,PRIMARY_SOURCE_SEARCH_PENDING,AI_PREPARED,True
P5V2D-SGP-MOTO-CUTIN-001-V030-A3,SGP,MOTO-CUTIN-001,30,A3,P5V2Q-MOTO-CUTIN-001-V030-A3,PRIMARY_SOURCE_SEARCH_PENDING,AI_PREPARED,True
P5V2D-SGP-MOTO-CUTIN-001-V030-A4,SGP,MOTO-CUTIN-001,30,A4,P5V2Q-MOTO-CUTIN-001-V030-A4,PRIMARY_SOURCE_SEARCH_PENDING,AI_PREPARED,True
P5V2D-SGP-MOTO-CUTIN-001-V030-A6,SGP,MOTO-CUTIN-001,30,A6,P5V2Q-MOTO-CUTIN-001-V030-A6,PRIMARY_SOURCE_SEARCH_PENDING,AI_PREPARED,True
P5V2D-SGP-MOTO-CUTIN-001-V050-A0,SGP,MOTO-CUTIN-001,50,A0,P5V2Q-MOTO-CUTIN-001-V050-A0,PRIMARY_SOURCE_SEARCH_PENDING,AI_PREPARED,True
P5V2D-SGP-MOTO-CUTIN-001-V050-A1,SGP,MOTO-CUTIN-001,50,A1,P5V2Q-MOTO-CUTIN-001-V050-A1,PRIMARY_SOURCE_SEARCH_PENDING,AI_PREPARED,True
P5V2D-SGP-MOTO-CUTIN-001-V050-A2,SGP,MOTO-CUTIN-001,50,A2,P5V2Q-MOTO-CUTIN-001-V050-A2,PRIMARY_SOURCE_SEARCH_PENDING,AI_PREPARED,True
P5V2D-SGP-MOTO-CUTIN-001-V050-A3,SGP,MOTO-CUTIN-001,50,A3,P5V2Q-MOTO-CUTIN-001-V050-A3,PRIMARY_SOURCE_SEARCH_PENDING,AI_PREPARED,True
P5V2D-SGP-MOTO-CUTIN-001-V050-A4,SGP,MOTO-CUTIN-001,50,A4,P5V2Q-MOTO-CUTIN-001-V050-A4,PRIMARY_SOURCE_SEARCH_PENDING,AI_PREPARED,True
P5V2D-SGP-MOTO-CUTIN-001-V050-A6,SGP,MOTO-CUTIN-001,50,A6,P5V2Q-MOTO-CUTIN-001-V050-A6,PRIMARY_SOURCE_SEARCH_PENDING,AI_PREPARED,True
P5V2D-SWE-PED-CROSS-001-V030-A0,SWE,PED-CROSS-001,30,A0,P5V2Q-PED-CROSS-001-V030-A0,PRIMARY_SOURCE_SEARCH_PENDING,AI_PREPARED,True
P5V2D-SWE-PED-CROSS-001-V030-A1,SWE,PED-CROSS-001,30,A1,P5V2Q-PED-CROSS-001-V030-A1,PRIMARY_SOURCE_SEARCH_PENDING,AI_PREPARED,True
P5V2D-SWE-PED-CROSS-001-V030-A2,SWE,PED-CROSS-001,30,A2,P5V2Q-PED-CROSS-001-V030-A2,PRIMARY_SOURCE_SEARCH_PENDING,AI_PREPARED,True
P5V2D-SWE-PED-CROSS-001-V030-A3,SWE,PED-CROSS-001,30,A3,P5V2Q-PED-CROSS-001-V030-A3,PRIMARY_SOURCE_SEARCH_PENDING,AI_PREPARED,True
P5V2D-SWE-PED-CROSS-001-V030-A4,SWE,PED-CROSS-001,30,A4,P5V2Q-PED-CROSS-001-V030-A4,PRIMARY_SOURCE_SEARCH_PENDING,AI_PREPARED,True
P5V2D-SWE-PED-CROSS-001-V030-A6,SWE,PED-CROSS-001,30,A6,P5V2Q-PED-CROSS-001-V030-A6,PRIMARY_SOURCE_SEARCH_PENDING,AI_PREPARED,True
P5V2D-SWE-PED-CROSS-001-V050-A0,SWE,PED-CROSS-001,50,A0,P5V2Q-PED-CROSS-001-V050-A0,PRIMARY_SOURCE_SEARCH_PENDING,AI_PREPARED,True
P5V2D-SWE-PED-CROSS-001-V050-A1,SWE,PED-CROSS-001,50,A1,P5V2Q-PED-CROSS-001-V050-A1,PRIMARY_SOURCE_SEARCH_PENDING,AI_PREPARED,True
P5V2D-SWE-PED-CROSS-001-V050-A2,SWE,PED-CROSS-001,50,A2,P5V2Q-PED-CROSS-001-V050-A2,PRIMARY_SOURCE_SEARCH_PENDING,AI_PREPARED,True
P5V2D-SWE-PED-CROSS-001-V050-A3,SWE,PED-CROSS-001,50,A3,P5V2Q-PED-CROSS-001-V050-A3,PRIMARY_SOURCE_SEARCH_PENDING,AI_PREPARED,True
P5V2D-SWE-PED-CROSS-001-V050-A4,SWE,PED-CROSS-001,50,A4,P5V2Q-PED-CROSS-001-V050-A4,PRIMARY_SOURCE_SEARCH_PENDING,AI_PREPARED,True
P5V2D-SWE-PED-CROSS-001-V050-A6,SWE,PED-CROSS-001,50,A6,P5V2Q-PED-CROSS-001-V050-A6,PRIMARY_SOURCE_SEARCH_PENDING,AI_PREPARED,True
P5V2D-SWE-OBS-LANE-001-V030-A0,SWE,OBS-LANE-001,30,A0,P5V2Q-OBS-LANE-001-V030-A0,PRIMARY_SOURCE_SEARCH_PENDING,AI_PREPARED,True
P5V2D-SWE-OBS-LANE-001-V030-A1,SWE,OBS-LANE-001,30,A1,P5V2Q-OBS-LANE-001-V030-A1,PRIMARY_SOURCE_SEARCH_PENDING,AI_PREPARED,True
P5V2D-SWE-OBS-LANE-001-V030-A2,SWE,OBS-LANE-001,30,A2,P5V2Q-OBS-LANE-001-V030-A2,PRIMARY_SOURCE_SEARCH_PENDING,AI_PREPARED,True
P5V2D-SWE-OBS-LANE-001-V030-A3,SWE,OBS-LANE-001,30,A3,P5V2Q-OBS-LANE-001-V030-A3,PRIMARY_SOURCE_SEARCH_PENDING,AI_PREPARED,True
P5V2D-SWE-OBS-LANE-001-V030-A4,SWE,OBS-LANE-001,30,A4,P5V2Q-OBS-LANE-001-V030-A4,PRIMARY_SOURCE_SEARCH_PENDING,AI_PREPARED,True
P5V2D-SWE-OBS-LANE-001-V030-A6,SWE,OBS-LANE-001,30,A6,P5V2Q-OBS-LANE-001-V030-A6,PRIMARY_SOURCE_SEARCH_PENDING,AI_PREPARED,True
P5V2D-SWE-OBS-LANE-001-V050-A0,SWE,OBS-LANE-001,50,A0,P5V2Q-OBS-LANE-001-V050-A0,PRIMARY_SOURCE_SEARCH_PENDING,AI_PREPARED,True
P5V2D-SWE-OBS-LANE-001-V050-A1,SWE,OBS-LANE-001,50,A1,P5V2Q-OBS-LANE-001-V050-A1,PRIMARY_SOURCE_SEARCH_PENDING,AI_PREPARED,True
P5V2D-SWE-OBS-LANE-001-V050-A2,SWE,OBS-LANE-001,50,A2,P5V2Q-OBS-LANE-001-V050-A2,PRIMARY_SOURCE_SEARCH_PENDING,AI_PREPARED,True
P5V2D-SWE-OBS-LANE-001-V050-A3,SWE,OBS-LANE-001,50,A3,P5V2Q-OBS-LANE-001-V050-A3,PRIMARY_SOURCE_SEARCH_PENDING,AI_PREPARED,True
P5V2D-SWE-OBS-LANE-001-V050-A4,SWE,OBS-LANE-001,50,A4,P5V2Q-OBS-LANE-001-V050-A4,PRIMARY_SOURCE_SEARCH_PENDING,AI_PREPARED,True
P5V2D-SWE-OBS-LANE-001-V050-A6,SWE,OBS-LANE-001,50,A6,P5V2Q-OBS-LANE-001-V050-A6,PRIMARY_SOURCE_SEARCH_PENDING,AI_PREPARED,True
P5V2D-SWE-MOTO-CUTIN-001-V030-A0,SWE,MOTO-CUTIN-001,30,A0,P5V2Q-MOTO-CUTIN-001-V030-A0,PRIMARY_SOURCE_SEARCH_PENDING,AI_PREPARED,True
P5V2D-SWE-MOTO-CUTIN-001-V030-A1,SWE,MOTO-CUTIN-001,30,A1,P5V2Q-MOTO-CUTIN-001-V030-A1,PRIMARY_SOURCE_SEARCH_PENDING,AI_PREPARED,True
P5V2D-SWE-MOTO-CUTIN-001-V030-A2,SWE,MOTO-CUTIN-001,30,A2,P5V2Q-MOTO-CUTIN-001-V030-A2,PRIMARY_SOURCE_SEARCH_PENDING,AI_PREPARED,True
P5V2D-SWE-MOTO-CUTIN-001-V030-A3,SWE,MOTO-CUTIN-001,30,A3,P5V2Q-MOTO-CUTIN-001-V030-A3,PRIMARY_SOURCE_SEARCH_PENDING,AI_PREPARED,True
P5V2D-SWE-MOTO-CUTIN-001-V030-A4,SWE,MOTO-CUTIN-001,30,A4,P5V2Q-MOTO-CUTIN-001-V030-A4,PRIMARY_SOURCE_SEARCH_PENDING,AI_PREPARED,True
P5V2D-SWE-MOTO-CUTIN-001-V030-A6,SWE,MOTO-CUTIN-001,30,A6,P5V2Q-MOTO-CUTIN-001-V030-A6,PRIMARY_SOURCE_SEARCH_PENDING,AI_PREPARED,True
P5V2D-SWE-MOTO-CUTIN-001-V050-A0,SWE,MOTO-CUTIN-001,50,A0,P5V2Q-MOTO-CUTIN-001-V050-A0,PRIMARY_SOURCE_SEARCH_PENDING,AI_PREPARED,True
P5V2D-SWE-MOTO-CUTIN-001-V050-A1,SWE,MOTO-CUTIN-001,50,A1,P5V2Q-MOTO-CUTIN-001-V050-A1,PRIMARY_SOURCE_SEARCH_PENDING,AI_PREPARED,True
P5V2D-SWE-MOTO-CUTIN-001-V050-A2,SWE,MOTO-CUTIN-001,50,A2,P5V2Q-MOTO-CUTIN-001-V050-A2,PRIMARY_SOURCE_SEARCH_PENDING,AI_PREPARED,True
P5V2D-SWE-MOTO-CUTIN-001-V050-A3,SWE,MOTO-CUTIN-001,50,A3,P5V2Q-MOTO-CUTIN-001-V050-A3,PRIMARY_SOURCE_SEARCH_PENDING,AI_PREPARED,True
P5V2D-SWE-MOTO-CUTIN-001-V050-A4,SWE,MOTO-CUTIN-001,50,A4,P5V2Q-MOTO-CUTIN-001-V050-A4,PRIMARY_SOURCE_SEARCH_PENDING,AI_PREPARED,True
P5V2D-SWE-MOTO-CUTIN-001-V050-A6,SWE,MOTO-CUTIN-001,50,A6,P5V2Q-MOTO-CUTIN-001-V050-A6,PRIMARY_SOURCE_SEARCH_PENDING,AI_PREPARED,True
P5V2D-THA-PED-CROSS-001-V030-A0,THA,PED-CROSS-001,30,A0,P5V2Q-PED-CROSS-001-V030-A0,PRIMARY_SOURCE_SEARCH_PENDING,AI_PREPARED,True
P5V2D-THA-PED-CROSS-001-V030-A1,THA,PED-CROSS-001,30,A1,P5V2Q-PED-CROSS-001-V030-A1,PRIMARY_SOURCE_SEARCH_PENDING,AI_PREPARED,True
P5V2D-THA-PED-CROSS-001-V030-A2,THA,PED-CROSS-001,30,A2,P5V2Q-PED-CROSS-001-V030-A2,PRIMARY_SOURCE_SEARCH_PENDING,AI_PREPARED,True
P5V2D-THA-PED-CROSS-001-V030-A3,THA,PED-CROSS-001,30,A3,P5V2Q-PED-CROSS-001-V030-A3,PRIMARY_SOURCE_SEARCH_PENDING,AI_PREPARED,True
P5V2D-THA-PED-CROSS-001-V030-A4,THA,PED-CROSS-001,30,A4,P5V2Q-PED-CROSS-001-V030-A4,PRIMARY_SOURCE_SEARCH_PENDING,AI_PREPARED,True
P5V2D-THA-PED-CROSS-001-V030-A6,THA,PED-CROSS-001,30,A6,P5V2Q-PED-CROSS-001-V030-A6,PRIMARY_SOURCE_SEARCH_PENDING,AI_PREPARED,True
P5V2D-THA-PED-CROSS-001-V050-A0,THA,PED-CROSS-001,50,A0,P5V2Q-PED-CROSS-001-V050-A0,PRIMARY_SOURCE_SEARCH_PENDING,AI_PREPARED,True
P5V2D-THA-PED-CROSS-001-V050-A1,THA,PED-CROSS-001,50,A1,P5V2Q-PED-CROSS-001-V050-A1,PRIMARY_SOURCE_SEARCH_PENDING,AI_PREPARED,True
P5V2D-THA-PED-CROSS-001-V050-A2,THA,PED-CROSS-001,50,A2,P5V2Q-PED-CROSS-001-V050-A2,PRIMARY_SOURCE_SEARCH_PENDING,AI_PREPARED,True
P5V2D-THA-PED-CROSS-001-V050-A3,THA,PED-CROSS-001,50,A3,P5V2Q-PED-CROSS-001-V050-A3,PRIMARY_SOURCE_SEARCH_PENDING,AI_PREPARED,True
P5V2D-THA-PED-CROSS-001-V050-A4,THA,PED-CROSS-001,50,A4,P5V2Q-PED-CROSS-001-V050-A4,PRIMARY_SOURCE_SEARCH_PENDING,AI_PREPARED,True
P5V2D-THA-PED-CROSS-001-V050-A6,THA,PED-CROSS-001,50,A6,P5V2Q-PED-CROSS-001-V050-A6,PRIMARY_SOURCE_SEARCH_PENDING,AI_PREPARED,True
P5V2D-THA-OBS-LANE-001-V030-A0,THA,OBS-LANE-001,30,A0,P5V2Q-OBS-LANE-001-V030-A0,PRIMARY_SOURCE_SEARCH_PENDING,AI_PREPARED,True
P5V2D-THA-OBS-LANE-001-V030-A1,THA,OBS-LANE-001,30,A1,P5V2Q-OBS-LANE-001-V030-A1,PRIMARY_SOURCE_SEARCH_PENDING,AI_PREPARED,True
P5V2D-THA-OBS-LANE-001-V030-A2,THA,OBS-LANE-001,30,A2,P5V2Q-OBS-LANE-001-V030-A2,PRIMARY_SOURCE_SEARCH_PENDING,AI_PREPARED,True
P5V2D-THA-OBS-LANE-001-V030-A3,THA,OBS-LANE-001,30,A3,P5V2Q-OBS-LANE-001-V030-A3,PRIMARY_SOURCE_SEARCH_PENDING,AI_PREPARED,True
P5V2D-THA-OBS-LANE-001-V030-A4,THA,OBS-LANE-001,30,A4,P5V2Q-OBS-LANE-001-V030-A4,PRIMARY_SOURCE_SEARCH_PENDING,AI_PREPARED,True
P5V2D-THA-OBS-LANE-001-V030-A6,THA,OBS-LANE-001,30,A6,P5V2Q-OBS-LANE-001-V030-A6,PRIMARY_SOURCE_SEARCH_PENDING,AI_PREPARED,True
P5V2D-THA-OBS-LANE-001-V050-A0,THA,OBS-LANE-001,50,A0,P5V2Q-OBS-LANE-001-V050-A0,PRIMARY_SOURCE_SEARCH_PENDING,AI_PREPARED,True
P5V2D-THA-OBS-LANE-001-V050-A1,THA,OBS-LANE-001,50,A1,P5V2Q-OBS-LANE-001-V050-A1,PRIMARY_SOURCE_SEARCH_PENDING,AI_PREPARED,True
P5V2D-THA-OBS-LANE-001-V050-A2,THA,OBS-LANE-001,50,A2,P5V2Q-OBS-LANE-001-V050-A2,PRIMARY_SOURCE_SEARCH_PENDING,AI_PREPARED,True
P5V2D-THA-OBS-LANE-001-V050-A3,THA,OBS-LANE-001,50,A3,P5V2Q-OBS-LANE-001-V050-A3,PRIMARY_SOURCE_SEARCH_PENDING,AI_PREPARED,True
P5V2D-THA-OBS-LANE-001-V050-A4,THA,OBS-LANE-001,50,A4,P5V2Q-OBS-LANE-001-V050-A4,PRIMARY_SOURCE_SEARCH_PENDING,AI_PREPARED,True
P5V2D-THA-OBS-LANE-001-V050-A6,THA,OBS-LANE-001,50,A6,P5V2Q-OBS-LANE-001-V050-A6,PRIMARY_SOURCE_SEARCH_PENDING,AI_PREPARED,True
P5V2D-THA-MOTO-CUTIN-001-V030-A0,THA,MOTO-CUTIN-001,30,A0,P5V2Q-MOTO-CUTIN-001-V030-A0,PRIMARY_SOURCE_SEARCH_PENDING,AI_PREPARED,True
P5V2D-THA-MOTO-CUTIN-001-V030-A1,THA,MOTO-CUTIN-001,30,A1,P5V2Q-MOTO-CUTIN-001-V030-A1,PRIMARY_SOURCE_SEARCH_PENDING,AI_PREPARED,True
P5V2D-THA-MOTO-CUTIN-001-V030-A2,THA,MOTO-CUTIN-001,30,A2,P5V2Q-MOTO-CUTIN-001-V030-A2,PRIMARY_SOURCE_SEARCH_PENDING,AI_PREPARED,True
P5V2D-THA-MOTO-CUTIN-001-V030-A3,THA,MOTO-CUTIN-001,30,A3,P5V2Q-MOTO-CUTIN-001-V030-A3,PRIMARY_SOURCE_SEARCH_PENDING,AI_PREPARED,True
P5V2D-THA-MOTO-CUTIN-001-V030-A4,THA,MOTO-CUTIN-001,30,A4,P5V2Q-MOTO-CUTIN-001-V030-A4,PRIMARY_SOURCE_SEARCH_PENDING,AI_PREPARED,True
P5V2D-THA-MOTO-CUTIN-001-V030-A6,THA,MOTO-CUTIN-001,30,A6,P5V2Q-MOTO-CUTIN-001-V030-A6,PRIMARY_SOURCE_SEARCH_PENDING,AI_PREPARED,True
P5V2D-THA-MOTO-CUTIN-001-V050-A0,THA,MOTO-CUTIN-001,50,A0,P5V2Q-MOTO-CUTIN-001-V050-A0,PRIMARY_SOURCE_SEARCH_PENDING,AI_PREPARED,True
P5V2D-THA-MOTO-CUTIN-001-V050-A1,THA,MOTO-CUTIN-001,50,A1,P5V2Q-MOTO-CUTIN-001-V050-A1,PRIMARY_SOURCE_SEARCH_PENDING,AI_PREPARED,True
P5V2D-THA-MOTO-CUTIN-001-V050-A2,THA,MOTO-CUTIN-001,50,A2,P5V2Q-MOTO-CUTIN-001-V050-A2,PRIMARY_SOURCE_SEARCH_PENDING,AI_PREPARED,True
P5V2D-THA-MOTO-CUTIN-001-V050-A3,THA,MOTO-CUTIN-001,50,A3,P5V2Q-MOTO-CUTIN-001-V050-A3,PRIMARY_SOURCE_SEARCH_PENDING,AI_PREPARED,True
P5V2D-THA-MOTO-CUTIN-001-V050-A4,THA,MOTO-CUTIN-001,50,A4,P5V2Q-MOTO-CUTIN-001-V050-A4,PRIMARY_SOURCE_SEARCH_PENDING,AI_PREPARED,True
P5V2D-THA-MOTO-CUTIN-001-V050-A6,THA,MOTO-CUTIN-001,50,A6,P5V2Q-MOTO-CUTIN-001-V050-A6,PRIMARY_SOURCE_SEARCH_PENDING,AI_PREPARED,True
P5V2D-TUR-PED-CROSS-001-V030-A0,TUR,PED-CROSS-001,30,A0,P5V2Q-PED-CROSS-001-V030-A0,PRIMARY_SOURCE_SEARCH_PENDING,AI_PREPARED,True
P5V2D-TUR-PED-CROSS-001-V030-A1,TUR,PED-CROSS-001,30,A1,P5V2Q-PED-CROSS-001-V030-A1,PRIMARY_SOURCE_SEARCH_PENDING,AI_PREPARED,True
P5V2D-TUR-PED-CROSS-001-V030-A2,TUR,PED-CROSS-001,30,A2,P5V2Q-PED-CROSS-001-V030-A2,PRIMARY_SOURCE_SEARCH_PENDING,AI_PREPARED,True
P5V2D-TUR-PED-CROSS-001-V030-A3,TUR,PED-CROSS-001,30,A3,P5V2Q-PED-CROSS-001-V030-A3,PRIMARY_SOURCE_SEARCH_PENDING,AI_PREPARED,True
P5V2D-TUR-PED-CROSS-001-V030-A4,TUR,PED-CROSS-001,30,A4,P5V2Q-PED-CROSS-001-V030-A4,PRIMARY_SOURCE_SEARCH_PENDING,AI_PREPARED,True
P5V2D-TUR-PED-CROSS-001-V030-A6,TUR,PED-CROSS-001,30,A6,P5V2Q-PED-CROSS-001-V030-A6,PRIMARY_SOURCE_SEARCH_PENDING,AI_PREPARED,True
P5V2D-TUR-PED-CROSS-001-V050-A0,TUR,PED-CROSS-001,50,A0,P5V2Q-PED-CROSS-001-V050-A0,PRIMARY_SOURCE_SEARCH_PENDING,AI_PREPARED,True
P5V2D-TUR-PED-CROSS-001-V050-A1,TUR,PED-CROSS-001,50,A1,P5V2Q-PED-CROSS-001-V050-A1,PRIMARY_SOURCE_SEARCH_PENDING,AI_PREPARED,True
P5V2D-TUR-PED-CROSS-001-V050-A2,TUR,PED-CROSS-001,50,A2,P5V2Q-PED-CROSS-001-V050-A2,PRIMARY_SOURCE_SEARCH_PENDING,AI_PREPARED,True
P5V2D-TUR-PED-CROSS-001-V050-A3,TUR,PED-CROSS-001,50,A3,P5V2Q-PED-CROSS-001-V050-A3,PRIMARY_SOURCE_SEARCH_PENDING,AI_PREPARED,True
P5V2D-TUR-PED-CROSS-001-V050-A4,TUR,PED-CROSS-001,50,A4,P5V2Q-PED-CROSS-001-V050-A4,PRIMARY_SOURCE_SEARCH_PENDING,AI_PREPARED,True
P5V2D-TUR-PED-CROSS-001-V050-A6,TUR,PED-CROSS-001,50,A6,P5V2Q-PED-CROSS-001-V050-A6,PRIMARY_SOURCE_SEARCH_PENDING,AI_PREPARED,True
P5V2D-TUR-OBS-LANE-001-V030-A0,TUR,OBS-LANE-001,30,A0,P5V2Q-OBS-LANE-001-V030-A0,PRIMARY_SOURCE_SEARCH_PENDING,AI_PREPARED,True
P5V2D-TUR-OBS-LANE-001-V030-A1,TUR,OBS-LANE-001,30,A1,P5V2Q-OBS-LANE-001-V030-A1,PRIMARY_SOURCE_SEARCH_PENDING,AI_PREPARED,True
P5V2D-TUR-OBS-LANE-001-V030-A2,TUR,OBS-LANE-001,30,A2,P5V2Q-OBS-LANE-001-V030-A2,PRIMARY_SOURCE_SEARCH_PENDING,AI_PREPARED,True
P5V2D-TUR-OBS-LANE-001-V030-A3,TUR,OBS-LANE-001,30,A3,P5V2Q-OBS-LANE-001-V030-A3,PRIMARY_SOURCE_SEARCH_PENDING,AI_PREPARED,True
P5V2D-TUR-OBS-LANE-001-V030-A4,TUR,OBS-LANE-001,30,A4,P5V2Q-OBS-LANE-001-V030-A4,PRIMARY_SOURCE_SEARCH_PENDING,AI_PREPARED,True
P5V2D-TUR-OBS-LANE-001-V030-A6,TUR,OBS-LANE-001,30,A6,P5V2Q-OBS-LANE-001-V030-A6,PRIMARY_SOURCE_SEARCH_PENDING,AI_PREPARED,True
P5V2D-TUR-OBS-LANE-001-V050-A0,TUR,OBS-LANE-001,50,A0,P5V2Q-OBS-LANE-001-V050-A0,PRIMARY_SOURCE_SEARCH_PENDING,AI_PREPARED,True
P5V2D-TUR-OBS-LANE-001-V050-A1,TUR,OBS-LANE-001,50,A1,P5V2Q-OBS-LANE-001-V050-A1,PRIMARY_SOURCE_SEARCH_PENDING,AI_PREPARED,True
P5V2D-TUR-OBS-LANE-001-V050-A2,TUR,OBS-LANE-001,50,A2,P5V2Q-OBS-LANE-001-V050-A2,PRIMARY_SOURCE_SEARCH_PENDING,AI_PREPARED,True
P5V2D-TUR-OBS-LANE-001-V050-A3,TUR,OBS-LANE-001,50,A3,P5V2Q-OBS-LANE-001-V050-A3,PRIMARY_SOURCE_SEARCH_PENDING,AI_PREPARED,True
P5V2D-TUR-OBS-LANE-001-V050-A4,TUR,OBS-LANE-001,50,A4,P5V2Q-OBS-LANE-001-V050-A4,PRIMARY_SOURCE_SEARCH_PENDING,AI_PREPARED,True
P5V2D-TUR-OBS-LANE-001-V050-A6,TUR,OBS-LANE-001,50,A6,P5V2Q-OBS-LANE-001-V050-A6,PRIMARY_SOURCE_SEARCH_PENDING,AI_PREPARED,True
P5V2D-TUR-MOTO-CUTIN-001-V030-A0,TUR,MOTO-CUTIN-001,30,A0,P5V2Q-MOTO-CUTIN-001-V030-A0,PRIMARY_SOURCE_SEARCH_PENDING,AI_PREPARED,True
P5V2D-TUR-MOTO-CUTIN-001-V030-A1,TUR,MOTO-CUTIN-001,30,A1,P5V2Q-MOTO-CUTIN-001-V030-A1,PRIMARY_SOURCE_SEARCH_PENDING,AI_PREPARED,True
P5V2D-TUR-MOTO-CUTIN-001-V030-A2,TUR,MOTO-CUTIN-001,30,A2,P5V2Q-MOTO-CUTIN-001-V030-A2,PRIMARY_SOURCE_SEARCH_PENDING,AI_PREPARED,True
P5V2D-TUR-MOTO-CUTIN-001-V030-A3,TUR,MOTO-CUTIN-001,30,A3,P5V2Q-MOTO-CUTIN-001-V030-A3,PRIMARY_SOURCE_SEARCH_PENDING,AI_PREPARED,True
P5V2D-TUR-MOTO-CUTIN-001-V030-A4,TUR,MOTO-CUTIN-001,30,A4,P5V2Q-MOTO-CUTIN-001-V030-A4,PRIMARY_SOURCE_SEARCH_PENDING,AI_PREPARED,True
P5V2D-TUR-MOTO-CUTIN-001-V030-A6,TUR,MOTO-CUTIN-001,30,A6,P5V2Q-MOTO-CUTIN-001-V030-A6,PRIMARY_SOURCE_SEARCH_PENDING,AI_PREPARED,True
P5V2D-TUR-MOTO-CUTIN-001-V050-A0,TUR,MOTO-CUTIN-001,50,A0,P5V2Q-MOTO-CUTIN-001-V050-A0,PRIMARY_SOURCE_SEARCH_PENDING,AI_PREPARED,True
P5V2D-TUR-MOTO-CUTIN-001-V050-A1,TUR,MOTO-CUTIN-001,50,A1,P5V2Q-MOTO-CUTIN-001-V050-A1,PRIMARY_SOURCE_SEARCH_PENDING,AI_PREPARED,True
P5V2D-TUR-MOTO-CUTIN-001-V050-A2,TUR,MOTO-CUTIN-001,50,A2,P5V2Q-MOTO-CUTIN-001-V050-A2,PRIMARY_SOURCE_SEARCH_PENDING,AI_PREPARED,True
P5V2D-TUR-MOTO-CUTIN-001-V050-A3,TUR,MOTO-CUTIN-001,50,A3,P5V2Q-MOTO-CUTIN-001-V050-A3,PRIMARY_SOURCE_SEARCH_PENDING,AI_PREPARED,True
P5V2D-TUR-MOTO-CUTIN-001-V050-A4,TUR,MOTO-CUTIN-001,50,A4,P5V2Q-MOTO-CUTIN-001-V050-A4,PRIMARY_SOURCE_SEARCH_PENDING,AI_PREPARED,True
P5V2D-TUR-MOTO-CUTIN-001-V050-A6,TUR,MOTO-CUTIN-001,50,A6,P5V2Q-MOTO-CUTIN-001-V050-A6,PRIMARY_SOURCE_SEARCH_PENDING,AI_PREPARED,True
P5V2D-ARE-PED-CROSS-001-V030-A0,ARE,PED-CROSS-001,30,A0,P5V2Q-PED-CROSS-001-V030-A0,PRIMARY_SOURCE_SEARCH_PENDING,AI_PREPARED,True
P5V2D-ARE-PED-CROSS-001-V030-A1,ARE,PED-CROSS-001,30,A1,P5V2Q-PED-CROSS-001-V030-A1,PRIMARY_SOURCE_SEARCH_PENDING,AI_PREPARED,True
P5V2D-ARE-PED-CROSS-001-V030-A2,ARE,PED-CROSS-001,30,A2,P5V2Q-PED-CROSS-001-V030-A2,PRIMARY_SOURCE_SEARCH_PENDING,AI_PREPARED,True
P5V2D-ARE-PED-CROSS-001-V030-A3,ARE,PED-CROSS-001,30,A3,P5V2Q-PED-CROSS-001-V030-A3,PRIMARY_SOURCE_SEARCH_PENDING,AI_PREPARED,True
P5V2D-ARE-PED-CROSS-001-V030-A4,ARE,PED-CROSS-001,30,A4,P5V2Q-PED-CROSS-001-V030-A4,PRIMARY_SOURCE_SEARCH_PENDING,AI_PREPARED,True
P5V2D-ARE-PED-CROSS-001-V030-A6,ARE,PED-CROSS-001,30,A6,P5V2Q-PED-CROSS-001-V030-A6,PRIMARY_SOURCE_SEARCH_PENDING,AI_PREPARED,True
P5V2D-ARE-PED-CROSS-001-V050-A0,ARE,PED-CROSS-001,50,A0,P5V2Q-PED-CROSS-001-V050-A0,PRIMARY_SOURCE_SEARCH_PENDING,AI_PREPARED,True
P5V2D-ARE-PED-CROSS-001-V050-A1,ARE,PED-CROSS-001,50,A1,P5V2Q-PED-CROSS-001-V050-A1,PRIMARY_SOURCE_SEARCH_PENDING,AI_PREPARED,True
P5V2D-ARE-PED-CROSS-001-V050-A2,ARE,PED-CROSS-001,50,A2,P5V2Q-PED-CROSS-001-V050-A2,PRIMARY_SOURCE_SEARCH_PENDING,AI_PREPARED,True
P5V2D-ARE-PED-CROSS-001-V050-A3,ARE,PED-CROSS-001,50,A3,P5V2Q-PED-CROSS-001-V050-A3,PRIMARY_SOURCE_SEARCH_PENDING,AI_PREPARED,True
P5V2D-ARE-PED-CROSS-001-V050-A4,ARE,PED-CROSS-001,50,A4,P5V2Q-PED-CROSS-001-V050-A4,PRIMARY_SOURCE_SEARCH_PENDING,AI_PREPARED,True
P5V2D-ARE-PED-CROSS-001-V050-A6,ARE,PED-CROSS-001,50,A6,P5V2Q-PED-CROSS-001-V050-A6,PRIMARY_SOURCE_SEARCH_PENDING,AI_PREPARED,True
P5V2D-ARE-OBS-LANE-001-V030-A0,ARE,OBS-LANE-001,30,A0,P5V2Q-OBS-LANE-001-V030-A0,PRIMARY_SOURCE_SEARCH_PENDING,AI_PREPARED,True
P5V2D-ARE-OBS-LANE-001-V030-A1,ARE,OBS-LANE-001,30,A1,P5V2Q-OBS-LANE-001-V030-A1,PRIMARY_SOURCE_SEARCH_PENDING,AI_PREPARED,True
P5V2D-ARE-OBS-LANE-001-V030-A2,ARE,OBS-LANE-001,30,A2,P5V2Q-OBS-LANE-001-V030-A2,PRIMARY_SOURCE_SEARCH_PENDING,AI_PREPARED,True
P5V2D-ARE-OBS-LANE-001-V030-A3,ARE,OBS-LANE-001,30,A3,P5V2Q-OBS-LANE-001-V030-A3,PRIMARY_SOURCE_SEARCH_PENDING,AI_PREPARED,True
P5V2D-ARE-OBS-LANE-001-V030-A4,ARE,OBS-LANE-001,30,A4,P5V2Q-OBS-LANE-001-V030-A4,PRIMARY_SOURCE_SEARCH_PENDING,AI_PREPARED,True
P5V2D-ARE-OBS-LANE-001-V030-A6,ARE,OBS-LANE-001,30,A6,P5V2Q-OBS-LANE-001-V030-A6,PRIMARY_SOURCE_SEARCH_PENDING,AI_PREPARED,True
P5V2D-ARE-OBS-LANE-001-V050-A0,ARE,OBS-LANE-001,50,A0,P5V2Q-OBS-LANE-001-V050-A0,PRIMARY_SOURCE_SEARCH_PENDING,AI_PREPARED,True
P5V2D-ARE-OBS-LANE-001-V050-A1,ARE,OBS-LANE-001,50,A1,P5V2Q-OBS-LANE-001-V050-A1,PRIMARY_SOURCE_SEARCH_PENDING,AI_PREPARED,True
P5V2D-ARE-OBS-LANE-001-V050-A2,ARE,OBS-LANE-001,50,A2,P5V2Q-OBS-LANE-001-V050-A2,PRIMARY_SOURCE_SEARCH_PENDING,AI_PREPARED,True
P5V2D-ARE-OBS-LANE-001-V050-A3,ARE,OBS-LANE-001,50,A3,P5V2Q-OBS-LANE-001-V050-A3,PRIMARY_SOURCE_SEARCH_PENDING,AI_PREPARED,True
P5V2D-ARE-OBS-LANE-001-V050-A4,ARE,OBS-LANE-001,50,A4,P5V2Q-OBS-LANE-001-V050-A4,PRIMARY_SOURCE_SEARCH_PENDING,AI_PREPARED,True
P5V2D-ARE-OBS-LANE-001-V050-A6,ARE,OBS-LANE-001,50,A6,P5V2Q-OBS-LANE-001-V050-A6,PRIMARY_SOURCE_SEARCH_PENDING,AI_PREPARED,True
P5V2D-ARE-MOTO-CUTIN-001-V030-A0,ARE,MOTO-CUTIN-001,30,A0,P5V2Q-MOTO-CUTIN-001-V030-A0,PRIMARY_SOURCE_SEARCH_PENDING,AI_PREPARED,True
P5V2D-ARE-MOTO-CUTIN-001-V030-A1,ARE,MOTO-CUTIN-001,30,A1,P5V2Q-MOTO-CUTIN-001-V030-A1,PRIMARY_SOURCE_SEARCH_PENDING,AI_PREPARED,True
P5V2D-ARE-MOTO-CUTIN-001-V030-A2,ARE,MOTO-CUTIN-001,30,A2,P5V2Q-MOTO-CUTIN-001-V030-A2,PRIMARY_SOURCE_SEARCH_PENDING,AI_PREPARED,True
P5V2D-ARE-MOTO-CUTIN-001-V030-A3,ARE,MOTO-CUTIN-001,30,A3,P5V2Q-MOTO-CUTIN-001-V030-A3,PRIMARY_SOURCE_SEARCH_PENDING,AI_PREPARED,True
P5V2D-ARE-MOTO-CUTIN-001-V030-A4,ARE,MOTO-CUTIN-001,30,A4,P5V2Q-MOTO-CUTIN-001-V030-A4,PRIMARY_SOURCE_SEARCH_PENDING,AI_PREPARED,True
P5V2D-ARE-MOTO-CUTIN-001-V030-A6,ARE,MOTO-CUTIN-001,30,A6,P5V2Q-MOTO-CUTIN-001-V030-A6,PRIMARY_SOURCE_SEARCH_PENDING,AI_PREPARED,True
P5V2D-ARE-MOTO-CUTIN-001-V050-A0,ARE,MOTO-CUTIN-001,50,A0,P5V2Q-MOTO-CUTIN-001-V050-A0,PRIMARY_SOURCE_SEARCH_PENDING,AI_PREPARED,True
P5V2D-ARE-MOTO-CUTIN-001-V050-A1,ARE,MOTO-CUTIN-001,50,A1,P5V2Q-MOTO-CUTIN-001-V050-A1,PRIMARY_SOURCE_SEARCH_PENDING,AI_PREPARED,True
P5V2D-ARE-MOTO-CUTIN-001-V050-A2,ARE,MOTO-CUTIN-001,50,A2,P5V2Q-MOTO-CUTIN-001-V050-A2,PRIMARY_SOURCE_SEARCH_PENDING,AI_PREPARED,True
P5V2D-ARE-MOTO-CUTIN-001-V050-A3,ARE,MOTO-CUTIN-001,50,A3,P5V2Q-MOTO-CUTIN-001-V050-A3,PRIMARY_SOURCE_SEARCH_PENDING,AI_PREPARED,True
P5V2D-ARE-MOTO-CUTIN-001-V050-A4,ARE,MOTO-CUTIN-001,50,A4,P5V2Q-MOTO-CUTIN-001-V050-A4,PRIMARY_SOURCE_SEARCH_PENDING,AI_PREPARED,True
P5V2D-ARE-MOTO-CUTIN-001-V050-A6,ARE,MOTO-CUTIN-001,50,A6,P5V2Q-MOTO-CUTIN-001-V050-A6,PRIMARY_SOURCE_SEARCH_PENDING,AI_PREPARED,True
P5V2D-USA-PED-CROSS-001-V030-A0,USA,PED-CROSS-001,30,A0,P5V2Q-PED-CROSS-001-V030-A0,PRIMARY_SOURCE_SEARCH_PENDING,AI_PREPARED,True
P5V2D-USA-PED-CROSS-001-V030-A1,USA,PED-CROSS-001,30,A1,P5V2Q-PED-CROSS-001-V030-A1,PRIMARY_SOURCE_SEARCH_PENDING,AI_PREPARED,True
P5V2D-USA-PED-CROSS-001-V030-A2,USA,PED-CROSS-001,30,A2,P5V2Q-PED-CROSS-001-V030-A2,PRIMARY_SOURCE_SEARCH_PENDING,AI_PREPARED,True
P5V2D-USA-PED-CROSS-001-V030-A3,USA,PED-CROSS-001,30,A3,P5V2Q-PED-CROSS-001-V030-A3,PRIMARY_SOURCE_SEARCH_PENDING,AI_PREPARED,True
P5V2D-USA-PED-CROSS-001-V030-A4,USA,PED-CROSS-001,30,A4,P5V2Q-PED-CROSS-001-V030-A4,PRIMARY_SOURCE_SEARCH_PENDING,AI_PREPARED,True
P5V2D-USA-PED-CROSS-001-V030-A6,USA,PED-CROSS-001,30,A6,P5V2Q-PED-CROSS-001-V030-A6,PRIMARY_SOURCE_SEARCH_PENDING,AI_PREPARED,True
P5V2D-USA-PED-CROSS-001-V050-A0,USA,PED-CROSS-001,50,A0,P5V2Q-PED-CROSS-001-V050-A0,PRIMARY_SOURCE_SEARCH_PENDING,AI_PREPARED,True
P5V2D-USA-PED-CROSS-001-V050-A1,USA,PED-CROSS-001,50,A1,P5V2Q-PED-CROSS-001-V050-A1,PRIMARY_SOURCE_SEARCH_PENDING,AI_PREPARED,True
P5V2D-USA-PED-CROSS-001-V050-A2,USA,PED-CROSS-001,50,A2,P5V2Q-PED-CROSS-001-V050-A2,PRIMARY_SOURCE_SEARCH_PENDING,AI_PREPARED,True
P5V2D-USA-PED-CROSS-001-V050-A3,USA,PED-CROSS-001,50,A3,P5V2Q-PED-CROSS-001-V050-A3,PRIMARY_SOURCE_SEARCH_PENDING,AI_PREPARED,True
P5V2D-USA-PED-CROSS-001-V050-A4,USA,PED-CROSS-001,50,A4,P5V2Q-PED-CROSS-001-V050-A4,PRIMARY_SOURCE_SEARCH_PENDING,AI_PREPARED,True
P5V2D-USA-PED-CROSS-001-V050-A6,USA,PED-CROSS-001,50,A6,P5V2Q-PED-CROSS-001-V050-A6,PRIMARY_SOURCE_SEARCH_PENDING,AI_PREPARED,True
P5V2D-USA-OBS-LANE-001-V030-A0,USA,OBS-LANE-001,30,A0,P5V2Q-OBS-LANE-001-V030-A0,PRIMARY_SOURCE_SEARCH_PENDING,AI_PREPARED,True
P5V2D-USA-OBS-LANE-001-V030-A1,USA,OBS-LANE-001,30,A1,P5V2Q-OBS-LANE-001-V030-A1,PRIMARY_SOURCE_SEARCH_PENDING,AI_PREPARED,True
P5V2D-USA-OBS-LANE-001-V030-A2,USA,OBS-LANE-001,30,A2,P5V2Q-OBS-LANE-001-V030-A2,PRIMARY_SOURCE_SEARCH_PENDING,AI_PREPARED,True
P5V2D-USA-OBS-LANE-001-V030-A3,USA,OBS-LANE-001,30,A3,P5V2Q-OBS-LANE-001-V030-A3,PRIMARY_SOURCE_SEARCH_PENDING,AI_PREPARED,True
P5V2D-USA-OBS-LANE-001-V030-A4,USA,OBS-LANE-001,30,A4,P5V2Q-OBS-LANE-001-V030-A4,PRIMARY_SOURCE_SEARCH_PENDING,AI_PREPARED,True
P5V2D-USA-OBS-LANE-001-V030-A6,USA,OBS-LANE-001,30,A6,P5V2Q-OBS-LANE-001-V030-A6,PRIMARY_SOURCE_SEARCH_PENDING,AI_PREPARED,True
P5V2D-USA-OBS-LANE-001-V050-A0,USA,OBS-LANE-001,50,A0,P5V2Q-OBS-LANE-001-V050-A0,PRIMARY_SOURCE_SEARCH_PENDING,AI_PREPARED,True
P5V2D-USA-OBS-LANE-001-V050-A1,USA,OBS-LANE-001,50,A1,P5V2Q-OBS-LANE-001-V050-A1,PRIMARY_SOURCE_SEARCH_PENDING,AI_PREPARED,True
P5V2D-USA-OBS-LANE-001-V050-A2,USA,OBS-LANE-001,50,A2,P5V2Q-OBS-LANE-001-V050-A2,PRIMARY_SOURCE_SEARCH_PENDING,AI_PREPARED,True
P5V2D-USA-OBS-LANE-001-V050-A3,USA,OBS-LANE-001,50,A3,P5V2Q-OBS-LANE-001-V050-A3,PRIMARY_SOURCE_SEARCH_PENDING,AI_PREPARED,True
P5V2D-USA-OBS-LANE-001-V050-A4,USA,OBS-LANE-001,50,A4,P5V2Q-OBS-LANE-001-V050-A4,PRIMARY_SOURCE_SEARCH_PENDING,AI_PREPARED,True
P5V2D-USA-OBS-LANE-001-V050-A6,USA,OBS-LANE-001,50,A6,P5V2Q-OBS-LANE-001-V050-A6,PRIMARY_SOURCE_SEARCH_PENDING,AI_PREPARED,True
P5V2D-USA-MOTO-CUTIN-001-V030-A0,USA,MOTO-CUTIN-001,30,A0,P5V2Q-MOTO-CUTIN-001-V030-A0,PRIMARY_SOURCE_SEARCH_PENDING,AI_PREPARED,True
P5V2D-USA-MOTO-CUTIN-001-V030-A1,USA,MOTO-CUTIN-001,30,A1,P5V2Q-MOTO-CUTIN-001-V030-A1,PRIMARY_SOURCE_SEARCH_PENDING,AI_PREPARED,True
P5V2D-USA-MOTO-CUTIN-001-V030-A2,USA,MOTO-CUTIN-001,30,A2,P5V2Q-MOTO-CUTIN-001-V030-A2,PRIMARY_SOURCE_SEARCH_PENDING,AI_PREPARED,True
P5V2D-USA-MOTO-CUTIN-001-V030-A3,USA,MOTO-CUTIN-001,30,A3,P5V2Q-MOTO-CUTIN-001-V030-A3,PRIMARY_SOURCE_SEARCH_PENDING,AI_PREPARED,True
P5V2D-USA-MOTO-CUTIN-001-V030-A4,USA,MOTO-CUTIN-001,30,A4,P5V2Q-MOTO-CUTIN-001-V030-A4,PRIMARY_SOURCE_SEARCH_PENDING,AI_PREPARED,True
P5V2D-USA-MOTO-CUTIN-001-V030-A6,USA,MOTO-CUTIN-001,30,A6,P5V2Q-MOTO-CUTIN-001-V030-A6,PRIMARY_SOURCE_SEARCH_PENDING,AI_PREPARED,True
P5V2D-USA-MOTO-CUTIN-001-V050-A0,USA,MOTO-CUTIN-001,50,A0,P5V2Q-MOTO-CUTIN-001-V050-A0,PRIMARY_SOURCE_SEARCH_PENDING,AI_PREPARED,True
P5V2D-USA-MOTO-CUTIN-001-V050-A1,USA,MOTO-CUTIN-001,50,A1,P5V2Q-MOTO-CUTIN-001-V050-A1,PRIMARY_SOURCE_SEARCH_PENDING,AI_PREPARED,True
P5V2D-USA-MOTO-CUTIN-001-V050-A2,USA,MOTO-CUTIN-001,50,A2,P5V2Q-MOTO-CUTIN-001-V050-A2,PRIMARY_SOURCE_SEARCH_PENDING,AI_PREPARED,True
P5V2D-USA-MOTO-CUTIN-001-V050-A3,USA,MOTO-CUTIN-001,50,A3,P5V2Q-MOTO-CUTIN-001-V050-A3,PRIMARY_SOURCE_SEARCH_PENDING,AI_PREPARED,True
P5V2D-USA-MOTO-CUTIN-001-V050-A4,USA,MOTO-CUTIN-001,50,A4,P5V2Q-MOTO-CUTIN-001-V050-A4,PRIMARY_SOURCE_SEARCH_PENDING,AI_PREPARED,True
P5V2D-USA-MOTO-CUTIN-001-V050-A6,USA,MOTO-CUTIN-001,50,A6,P5V2Q-MOTO-CUTIN-001-V050-A6,PRIMARY_SOURCE_SEARCH_PENDING,AI_PREPARED,True
P5V2D-ZAF-PED-CROSS-001-V030-A0,ZAF,PED-CROSS-001,30,A0,P5V2Q-PED-CROSS-001-V030-A0,PRIMARY_SOURCE_SEARCH_PENDING,AI_PREPARED,True
P5V2D-ZAF-PED-CROSS-001-V030-A1,ZAF,PED-CROSS-001,30,A1,P5V2Q-PED-CROSS-001-V030-A1,PRIMARY_SOURCE_SEARCH_PENDING,AI_PREPARED,True
P5V2D-ZAF-PED-CROSS-001-V030-A2,ZAF,PED-CROSS-001,30,A2,P5V2Q-PED-CROSS-001-V030-A2,PRIMARY_SOURCE_SEARCH_PENDING,AI_PREPARED,True
P5V2D-ZAF-PED-CROSS-001-V030-A3,ZAF,PED-CROSS-001,30,A3,P5V2Q-PED-CROSS-001-V030-A3,PRIMARY_SOURCE_SEARCH_PENDING,AI_PREPARED,True
P5V2D-ZAF-PED-CROSS-001-V030-A4,ZAF,PED-CROSS-001,30,A4,P5V2Q-PED-CROSS-001-V030-A4,PRIMARY_SOURCE_SEARCH_PENDING,AI_PREPARED,True
P5V2D-ZAF-PED-CROSS-001-V030-A6,ZAF,PED-CROSS-001,30,A6,P5V2Q-PED-CROSS-001-V030-A6,PRIMARY_SOURCE_SEARCH_PENDING,AI_PREPARED,True
P5V2D-ZAF-PED-CROSS-001-V050-A0,ZAF,PED-CROSS-001,50,A0,P5V2Q-PED-CROSS-001-V050-A0,PRIMARY_SOURCE_SEARCH_PENDING,AI_PREPARED,True
P5V2D-ZAF-PED-CROSS-001-V050-A1,ZAF,PED-CROSS-001,50,A1,P5V2Q-PED-CROSS-001-V050-A1,PRIMARY_SOURCE_SEARCH_PENDING,AI_PREPARED,True
P5V2D-ZAF-PED-CROSS-001-V050-A2,ZAF,PED-CROSS-001,50,A2,P5V2Q-PED-CROSS-001-V050-A2,PRIMARY_SOURCE_SEARCH_PENDING,AI_PREPARED,True
P5V2D-ZAF-PED-CROSS-001-V050-A3,ZAF,PED-CROSS-001,50,A3,P5V2Q-PED-CROSS-001-V050-A3,PRIMARY_SOURCE_SEARCH_PENDING,AI_PREPARED,True
P5V2D-ZAF-PED-CROSS-001-V050-A4,ZAF,PED-CROSS-001,50,A4,P5V2Q-PED-CROSS-001-V050-A4,PRIMARY_SOURCE_SEARCH_PENDING,AI_PREPARED,True
P5V2D-ZAF-PED-CROSS-001-V050-A6,ZAF,PED-CROSS-001,50,A6,P5V2Q-PED-CROSS-001-V050-A6,PRIMARY_SOURCE_SEARCH_PENDING,AI_PREPARED,True
P5V2D-ZAF-OBS-LANE-001-V030-A0,ZAF,OBS-LANE-001,30,A0,P5V2Q-OBS-LANE-001-V030-A0,PRIMARY_SOURCE_SEARCH_PENDING,AI_PREPARED,True
P5V2D-ZAF-OBS-LANE-001-V030-A1,ZAF,OBS-LANE-001,30,A1,P5V2Q-OBS-LANE-001-V030-A1,PRIMARY_SOURCE_SEARCH_PENDING,AI_PREPARED,True
P5V2D-ZAF-OBS-LANE-001-V030-A2,ZAF,OBS-LANE-001,30,A2,P5V2Q-OBS-LANE-001-V030-A2,PRIMARY_SOURCE_SEARCH_PENDING,AI_PREPARED,True
P5V2D-ZAF-OBS-LANE-001-V030-A3,ZAF,OBS-LANE-001,30,A3,P5V2Q-OBS-LANE-001-V030-A3,PRIMARY_SOURCE_SEARCH_PENDING,AI_PREPARED,True
P5V2D-ZAF-OBS-LANE-001-V030-A4,ZAF,OBS-LANE-001,30,A4,P5V2Q-OBS-LANE-001-V030-A4,PRIMARY_SOURCE_SEARCH_PENDING,AI_PREPARED,True
P5V2D-ZAF-OBS-LANE-001-V030-A6,ZAF,OBS-LANE-001,30,A6,P5V2Q-OBS-LANE-001-V030-A6,PRIMARY_SOURCE_SEARCH_PENDING,AI_PREPARED,True
P5V2D-ZAF-OBS-LANE-001-V050-A0,ZAF,OBS-LANE-001,50,A0,P5V2Q-OBS-LANE-001-V050-A0,PRIMARY_SOURCE_SEARCH_PENDING,AI_PREPARED,True
P5V2D-ZAF-OBS-LANE-001-V050-A1,ZAF,OBS-LANE-001,50,A1,P5V2Q-OBS-LANE-001-V050-A1,PRIMARY_SOURCE_SEARCH_PENDING,AI_PREPARED,True
P5V2D-ZAF-OBS-LANE-001-V050-A2,ZAF,OBS-LANE-001,50,A2,P5V2Q-OBS-LANE-001-V050-A2,PRIMARY_SOURCE_SEARCH_PENDING,AI_PREPARED,True
P5V2D-ZAF-OBS-LANE-001-V050-A3,ZAF,OBS-LANE-001,50,A3,P5V2Q-OBS-LANE-001-V050-A3,PRIMARY_SOURCE_SEARCH_PENDING,AI_PREPARED,True
P5V2D-ZAF-OBS-LANE-001-V050-A4,ZAF,OBS-LANE-001,50,A4,P5V2Q-OBS-LANE-001-V050-A4,PRIMARY_SOURCE_SEARCH_PENDING,AI_PREPARED,True
P5V2D-ZAF-OBS-LANE-001-V050-A6,ZAF,OBS-LANE-001,50,A6,P5V2Q-OBS-LANE-001-V050-A6,PRIMARY_SOURCE_SEARCH_PENDING,AI_PREPARED,True
P5V2D-ZAF-MOTO-CUTIN-001-V030-A0,ZAF,MOTO-CUTIN-001,30,A0,P5V2Q-MOTO-CUTIN-001-V030-A0,PRIMARY_SOURCE_SEARCH_PENDING,AI_PREPARED,True
P5V2D-ZAF-MOTO-CUTIN-001-V030-A1,ZAF,MOTO-CUTIN-001,30,A1,P5V2Q-MOTO-CUTIN-001-V030-A1,PRIMARY_SOURCE_SEARCH_PENDING,AI_PREPARED,True
P5V2D-ZAF-MOTO-CUTIN-001-V030-A2,ZAF,MOTO-CUTIN-001,30,A2,P5V2Q-MOTO-CUTIN-001-V030-A2,PRIMARY_SOURCE_SEARCH_PENDING,AI_PREPARED,True
P5V2D-ZAF-MOTO-CUTIN-001-V030-A3,ZAF,MOTO-CUTIN-001,30,A3,P5V2Q-MOTO-CUTIN-001-V030-A3,PRIMARY_SOURCE_SEARCH_PENDING,AI_PREPARED,True
P5V2D-ZAF-MOTO-CUTIN-001-V030-A4,ZAF,MOTO-CUTIN-001,30,A4,P5V2Q-MOTO-CUTIN-001-V030-A4,PRIMARY_SOURCE_SEARCH_PENDING,AI_PREPARED,True
P5V2D-ZAF-MOTO-CUTIN-001-V030-A6,ZAF,MOTO-CUTIN-001,30,A6,P5V2Q-MOTO-CUTIN-001-V030-A6,PRIMARY_SOURCE_SEARCH_PENDING,AI_PREPARED,True
P5V2D-ZAF-MOTO-CUTIN-001-V050-A0,ZAF,MOTO-CUTIN-001,50,A0,P5V2Q-MOTO-CUTIN-001-V050-A0,PRIMARY_SOURCE_SEARCH_PENDING,AI_PREPARED,True
P5V2D-ZAF-MOTO-CUTIN-001-V050-A1,ZAF,MOTO-CUTIN-001,50,A1,P5V2Q-MOTO-CUTIN-001-V050-A1,PRIMARY_SOURCE_SEARCH_PENDING,AI_PREPARED,True
P5V2D-ZAF-MOTO-CUTIN-001-V050-A2,ZAF,MOTO-CUTIN-001,50,A2,P5V2Q-MOTO-CUTIN-001-V050-A2,PRIMARY_SOURCE_SEARCH_PENDING,AI_PREPARED,True
P5V2D-ZAF-MOTO-CUTIN-001-V050-A3,ZAF,MOTO-CUTIN-001,50,A3,P5V2Q-MOTO-CUTIN-001-V050-A3,PRIMARY_SOURCE_SEARCH_PENDING,AI_PREPARED,True
P5V2D-ZAF-MOTO-CUTIN-001-V050-A4,ZAF,MOTO-CUTIN-001,50,A4,P5V2Q-MOTO-CUTIN-001-V050-A4,PRIMARY_SOURCE_SEARCH_PENDING,AI_PREPARED,True
P5V2D-ZAF-MOTO-CUTIN-001-V050-A6,ZAF,MOTO-CUTIN-001,50,A6,P5V2Q-MOTO-CUTIN-001-V050-A6,PRIMARY_SOURCE_SEARCH_PENDING,AI_PREPARED,True
